yearmonth,editor,executeCount,userCount
200804,org.eclipse.ajdt.internal.ui.editor.CompilationUnitEditor,2,1
200804,org.eclipse.am3.tools.tge,90,4
200804,org.eclipse.ant.ui.internal.editor.AntEditor,792,80
200804,org.eclipse.atf.mozilla.ide.ui.MozBrowserEditor,185,1
200804,org.eclipse.birt.report.designer.ui.editors.LibraryEditor,9,1
200804,org.eclipse.birt.report.designer.ui.editors.ReportEditor,216,5
200804,org.eclipse.cdt.debug.ui.SourceNotFoundEditor,15,4
200804,org.eclipse.cdt.make.editor,57,10
200804,org.eclipse.cdt.ui.binaryEditor,4,2
200804,org.eclipse.cdt.ui.editor.CEditor,3461,53
200804,org.eclipse.compare.CompareEditor,1922,138
200804,org.eclipse.datatools.sqltools.data.internal.ui.editor.tableDataEditor,14,4
200804,org.eclipse.datatools.sqltools.sqleditor.SQLEditor,4,1
200804,org.eclipse.datatools.sqltools.sqlscrapbook.SQLScrapbookEditor,362,42
200804,org.eclipse.debug.ui.sourcelookup.CommonSourceNotFoundEditor,100,26
200804,org.eclipse.dltk.ruby.ui.editor.RubyEditor,79,2
200804,org.eclipse.emf.codegen.ecore.genmodel.presentation.GenModelEditorID,54,6
200804,org.eclipse.emf.ecore.presentation.EcoreEditorID,108,9
200804,org.eclipse.emf.ecore.presentation.ReflectiveEditorID,2,1
200804,org.eclipse.gmf.gmfgraph.presentation.GMFGraphEditorID,26,3
200804,org.eclipse.gmf.mappings.presentation.GMFMapEditorID,24,2
200804,org.eclipse.gmf.tooldef.presentation.GMFToolEditorID,5,1
200804,org.eclipse.gmf.xpand.XpandEditor,5,1
200804,org.eclipse.jdt.debug.ui.SnippetEditor,15,3
200804,org.eclipse.jdt.ui.ClassFileEditor,2288,222
200804,org.eclipse.jdt.ui.CompilationUnitEditor,46149,539
200804,org.eclipse.jdt.ui.PropertiesFileEditor,922,125
200804,org.eclipse.jem.beaninfo.OverrideEditor,2,1
200804,org.eclipse.jpt.ui.internal.editors.PersistenceEditor,19,5
200804,org.eclipse.jst.jsf.facesconfig.ui.FacesConfigEditor,115,12
200804,org.eclipse.jst.jsp.core.cssjspsource.source,61,2
200804,org.eclipse.jst.jsp.core.jspsource.source,2671,106
200804,org.eclipse.jst.pagedesigner.PageDesignerEditor,129,8
200804,org.eclipse.m2m.atl.adt.editor.AtlEditor,11,1
200804,org.eclipse.m2m.qvt.oml.editor.ui.QvtEditor,11,3
200804,org.eclipse.mylyn.tasks.ui.editors.category,3,1
200804,org.eclipse.mylyn.tasks.ui.editors.task,330,31
200804,org.eclipse.pde.ui.buildEditor,51,15
200804,org.eclipse.pde.ui.featureEditor,111,13
200804,org.eclipse.pde.ui.manifestEditor,1137,84
200804,org.eclipse.pde.ui.productEditor,182,16
200804,org.eclipse.pde.ui.schemaEditor,9,3
200804,org.eclipse.pde.ui.siteEditor,31,9
200804,org.eclipse.pde.ui.targetEditor,5,2
200804,org.eclipse.pde.ui.tocEditor,1,1
200804,org.eclipse.php.editor,326,3
200804,org.eclipse.ui.browser.editor,411,79
200804,org.eclipse.ui.DefaultTextEditor,1973,210
200804,org.eclipse.ui.systemInPlaceEditor,6,4
200804,org.eclipse.uml2.diagram.clazz.part.UMLDiagramEditorID,10,2
200804,org.eclipse.uml2.diagram.csd.part.UMLDiagramEditorID,5,1
200804,org.eclipse.uml2.uml.editor.presentation.UMLEditorID,28,7
200804,org.eclipse.ve.internal.java.codegen.editorpart.JavaVisualEditor,156,14
200804,org.eclipse.wst.css.core.csssource.source,214,34
200804,org.eclipse.wst.dtd.core.dtdsource.source,27,4
200804,org.eclipse.wst.html.core.htmlsource.source,1506,81
200804,org.eclipse.wst.jsdt.ui.ClassFileEditor,10,4
200804,org.eclipse.wst.jsdt.ui.CompilationUnitEditor,864,48
200804,org.eclipse.wst.server.ui.editor,93,22
200804,org.eclipse.wst.wsdl.ui.internal.WSDLEditor,30,4
200804,org.eclipse.wst.xml.ui.internal.tabletree.XMLMultiPageEditorPart,5145,274
200804,org.eclipse.wst.xsd.ui.internal.editor.InternalXSDMultiPageEditor,92,16
200804,org.eclipse.wst.xsl.ui.XSLEditor,11,1
200805,org.eclipse.ajdt.internal.ui.editor.CompilationUnitEditor,63,4
200805,org.eclipse.ant.ui.internal.editor.AntEditor,2180,186
200805,org.eclipse.birt.report.designer.ui.editors.LibraryEditor,7,2
200805,org.eclipse.birt.report.designer.ui.editors.ReportEditor,389,13
200805,org.eclipse.cdt.debug.ui.SourceNotFoundEditor,23,11
200805,org.eclipse.cdt.make.editor,203,26
200805,org.eclipse.cdt.ui.binaryEditor,15,7
200805,org.eclipse.cdt.ui.editor.asm.AsmEditor,7,1
200805,org.eclipse.cdt.ui.editor.CEditor,12811,135
200805,org.eclipse.compare.CompareEditor,4165,288
200805,org.eclipse.datatools.sqltools.data.internal.ui.editor.tableDataEditor,26,9
200805,org.eclipse.datatools.sqltools.routineeditor.internal.RoutineEditor,3,1
200805,org.eclipse.datatools.sqltools.sqleditor.SQLEditor,18,2
200805,org.eclipse.datatools.sqltools.sqlscrapbook.SQLScrapbookEditor,1226,76
200805,org.eclipse.dd.ipxact.editor.ui.editors.IP-XACTMultiPageEditor,2,1
200805,org.eclipse.debug.ui.NoSourceFoundEditor,9,2
200805,org.eclipse.debug.ui.sourcelookup.CommonSourceNotFoundEditor,348,65
200805,org.eclipse.dltk.ruby.ui.editor.RubyEditor,14,2
200805,org.eclipse.emf.codegen.ecore.genmodel.presentation.GenModelEditorID,160,15
200805,org.eclipse.emf.ecore.presentation.EcoreEditorID,223,20
200805,org.eclipse.emf.ecore.presentation.ReflectiveEditorID,44,7
200805,org.eclipse.emf.ecore.presentation.XMLReflectiveEditorID,3,1
200805,org.eclipse.emf.ecoretools.diagram.part.EcoreDiagramEditorID,107,5
200805,org.eclipse.gef.TextEditor,3,1
200805,org.eclipse.gmf.codegen.gmfgen.presentation.GMFGenEditorID,2,1
200805,org.eclipse.gmf.ecore.part.EcoreDiagramEditorID,84,9
200805,org.eclipse.gmf.gmfgraph.presentation.GMFGraphEditorID,4,2
200805,org.eclipse.gmf.mappings.presentation.GMFMapEditorID,110,4
200805,org.eclipse.gmf.tooldef.presentation.GMFToolEditorID,4,2
200805,org.eclipse.gmf.xpand.XpandEditor,2,1
200805,org.eclipse.hyades.logging.adapter.ui.internal.presentation.AdaptorEditorID,28,1
200805,org.eclipse.hyades.test.ui.editor.TestSuiteEditorPart,4,1
200805,org.eclipse.imp.runtime.impEditor,2,1
200805,org.eclipse.jdt.debug.ui.SnippetEditor,10,4
200805,org.eclipse.jdt.ui.ClassFileEditor,5644,426
200805,org.eclipse.jdt.ui.CompilationUnitEditor,110633,1111
200805,org.eclipse.jdt.ui.JARDescEditor,18,5
200805,org.eclipse.jdt.ui.PropertiesFileEditor,2372,268
200805,org.eclipse.jet.editor.JETEditor,10,1
200805,org.eclipse.jpt.ui.internal.editors.PersistenceEditor,144,21
200805,org.eclipse.jst.jsf.facesconfig.ui.FacesConfigEditor,258,35
200805,org.eclipse.jst.jsp.core.cssjspsource.source,69,2
200805,org.eclipse.jst.jsp.core.jspsource.source,11830,242
200805,org.eclipse.jst.pagedesigner.PageDesignerEditor,440,29
200805,org.eclipse.m2m.atl.adt.editor.AtlEditor,174,2
200805,org.eclipse.m2m.qvt.oml.editor.ui.QvtEditor,57,5
200805,org.eclipse.m2m.qvt.oml.trace.editor,3,1
200805,org.eclipse.mat.ui.editors.HeapEditor,5,1
200805,org.eclipse.mylyn.tasks.ui.editors.category,1,1
200805,org.eclipse.mylyn.tasks.ui.editors.task,1485,85
200805,org.eclipse.pde.ui.buildEditor,194,50
200805,org.eclipse.pde.ui.ctxHelpEditor,9,4
200805,org.eclipse.pde.ui.featureEditor,259,23
200805,org.eclipse.pde.ui.manifestEditor,2340,169
200805,org.eclipse.pde.ui.productEditor,372,34
200805,org.eclipse.pde.ui.sampleEditor,2,1
200805,org.eclipse.pde.ui.schemaEditor,42,11
200805,org.eclipse.pde.ui.simpleCheatSheetEditor,2,1
200805,org.eclipse.pde.ui.siteEditor,39,9
200805,org.eclipse.pde.ui.targetEditor,10,3
200805,org.eclipse.pde.ui.tocEditor,35,3
200805,org.eclipse.php.editor,536,10
200805,org.eclipse.stp.bpmn.diagram.part.BpmnDiagramEditorID,18,1
200805,org.eclipse.stp.im.presentation.ImEditorID,146,1
200805,org.eclipse.stp.sca.diagram.part.ScaDiagramEditorID,12,2
200805,org.eclipse.ui.browser.editor,2829,190
200805,org.eclipse.ui.DefaultTextEditor,5831,476
200805,org.eclipse.ui.systemInPlaceEditor,65,20
200805,org.eclipse.uml2.diagram.clazz.part.UMLDiagramEditorID,280,19
200805,org.eclipse.uml2.diagram.component.part.UMLDiagramEditorID,6,4
200805,org.eclipse.uml2.diagram.profile.part.UMLDiagramEditorID,2,1
200805,org.eclipse.uml2.diagram.statemachine.part.UMLDiagramEditorID,23,3
200805,org.eclipse.uml2.diagram.usecase.part.UMLDiagramEditorID,20,6
200805,org.eclipse.uml2.uml.editor.presentation.UMLEditorID,316,18
200805,org.eclipse.ve.internal.java.codegen.editorpart.JavaVisualEditor,552,12
200805,org.eclipse.wst.css.core.csssource.source,802,82
200805,org.eclipse.wst.dtd.core.dtdsource.source,16,7
200805,org.eclipse.wst.html.core.htmlsource.source,3143,163
200805,org.eclipse.wst.javascript.ui.internal.editor.JSMultiPageEditorPart,2,1
200805,org.eclipse.wst.jsdt.ui.ClassFileEditor,41,6
200805,org.eclipse.wst.jsdt.ui.CompilationUnitEditor,1766,90
200805,org.eclipse.wst.server.ui.editor,335,65
200805,org.eclipse.wst.sse.ui.StructuredTextEditor,2,1
200805,org.eclipse.wst.wsdl.ui.internal.WSDLEditor,429,20
200805,org.eclipse.wst.xml.ui.internal.tabletree.XMLMultiPageEditorPart,11786,537
200805,org.eclipse.wst.xsd.ui.internal.editor.InternalXSDMultiPageEditor,859,54
200805,org.eclipse.wst.xsl.ui.XSLEditor,79,6
200805,org.eclipse.xsd.presentation.XSDEditorID,4,1
200806,org.eclipse.ajdt.internal.ui.editor.CompilationUnitEditor,122,2
200806,org.eclipse.am3.tools.tge,5,2
200806,org.eclipse.ant.ui.internal.editor.AntEditor,1588,156
200806,org.eclipse.birt.report.designer.ui.editors.LibraryEditor,5,2
200806,org.eclipse.birt.report.designer.ui.editors.ReportEditor,457,19
200806,org.eclipse.buckminster.ui.editor.QueryEditor,3,1
200806,org.eclipse.buckminster.ui.editors.CSPECEditor,11,2
200806,org.eclipse.buckminster.ui.editors.CSPEXEditor,4,1
200806,org.eclipse.buckminster.ui.editors.RMAPEditor,6,1
200806,org.eclipse.cdt.debug.ui.SourceNotFoundEditor,14,8
200806,org.eclipse.cdt.make.editor,361,28
200806,org.eclipse.cdt.ui.binaryEditor,27,9
200806,org.eclipse.cdt.ui.editor.asm.AsmEditor,65,2
200806,org.eclipse.cdt.ui.editor.CEditor,13398,130
200806,org.eclipse.compare.CompareEditor,3925,290
200806,org.eclipse.cosmos.rm.smlif.internal.editor.smlifEditor,12,1
200806,org.eclipse.datatools.sqltools.data.internal.ui.editor.tableDataEditor,31,13
200806,org.eclipse.datatools.sqltools.sqleditor.SQLEditor,22,4
200806,org.eclipse.datatools.sqltools.sqlscrapbook.SQLScrapbookEditor,721,62
200806,org.eclipse.dd.ipxact.editor.ui.editors.IP-XACTMultiPageEditor,14,1
200806,org.eclipse.debug.ui.NoSourceFoundEditor,15,2
200806,org.eclipse.debug.ui.sourcelookup.CommonSourceNotFoundEditor,174,57
200806,org.eclipse.dltk.ruby.ui.editor.RubyEditor,112,3
200806,org.eclipse.dltk.tcl.ui.editor.TclEditor,10,1
200806,org.eclipse.emf.codegen.ecore.genmodel.presentation.GenModelEditorID,179,21
200806,org.eclipse.emf.compare.examples.export.library.presentation.LibraryEditorID,20,1
200806,org.eclipse.emf.ecore.presentation.EcoreEditorID,273,23
200806,org.eclipse.emf.ecore.presentation.ReflectiveEditorID,60,10
200806,org.eclipse.emf.ecoretools.diagram.part.EcoreDiagramEditorID,46,7
200806,org.eclipse.emf.mapping.ecore2ecore.presentation.Ecore2EcoreEditorID,7,1
200806,org.eclipse.emf.mapping.xsd2ecore.presentation.XSD2EcoreEditorID,1,1
200806,org.eclipse.epf.authoring.ui.editors.MethodElementEditor,2,1
200806,org.eclipse.gmf.codegen.gmfgen.presentation.GMFGenEditorID,2,1
200806,org.eclipse.gmf.ecore.part.EcoreDiagramEditorID,21,4
200806,org.eclipse.gmf.gmfgraph.presentation.GMFGraphEditorID,1,1
200806,org.eclipse.gmf.mappings.presentation.GMFMapEditorID,50,4
200806,org.eclipse.gmf.tooldef.presentation.GMFToolEditorID,7,2
200806,org.eclipse.gmf.xpand.XpandEditor,3,1
200806,org.eclipse.jdt.debug.ui.SnippetEditor,84,9
200806,org.eclipse.jdt.ui.ClassFileEditor,4644,451
200806,org.eclipse.jdt.ui.CompilationUnitEditor,98859,1046
200806,org.eclipse.jdt.ui.JARDescEditor,24,3
200806,org.eclipse.jdt.ui.PropertiesFileEditor,1971,251
200806,org.eclipse.jet.editor.JETEditor,4,2
200806,org.eclipse.jpt.ui.internal.editors.PersistenceEditor,212,33
200806,org.eclipse.jst.jsf.facesconfig.ui.FacesConfigEditor,262,24
200806,org.eclipse.jst.jsp.core.cssjspsource.source,2,1
200806,org.eclipse.jst.jsp.core.jspsource.source,6364,216
200806,org.eclipse.jst.pagedesigner.PageDesignerEditor,409,27
200806,org.eclipse.m2m.atl.adt.editor.AtlEditor,23,2
200806,org.eclipse.m2m.qvt.oml.editor.ui.QvtEditor,40,3
200806,org.eclipse.mtj.ui.editor.JadEditor,45,2
200806,org.eclipse.mylyn.tasks.ui.editors.category,1,1
200806,org.eclipse.mylyn.tasks.ui.editors.task,920,70
200806,org.eclipse.office.gmf.editor.part.OfficeDiagramEditorID,3,1
200806,org.eclipse.pde.ui.buildEditor,140,36
200806,org.eclipse.pde.ui.compositeCheatSheetEditor,4,1
200806,org.eclipse.pde.ui.featureEditor,181,20
200806,org.eclipse.pde.ui.manifestEditor,2159,160
200806,org.eclipse.pde.ui.productEditor,161,24
200806,org.eclipse.pde.ui.sampleEditor,5,1
200806,org.eclipse.pde.ui.schemaEditor,40,9
200806,org.eclipse.pde.ui.simpleCheatSheetEditor,2,1
200806,org.eclipse.pde.ui.siteEditor,39,6
200806,org.eclipse.pde.ui.targetEditor,47,6
200806,org.eclipse.pde.ui.tocEditor,26,3
200806,org.eclipse.php.editor,515,10
200806,org.eclipse.stp.im.presentation.ImEditorID,16,1
200806,org.eclipse.stp.policy.wtp.editor.OperationPolicyMultiPageEditor,4,1
200806,org.eclipse.stp.sca.diagram.part.ScaDiagramEditorID,10,1
200806,org.eclipse.stp.sca.presentation.ScaEditorID,5,2
200806,org.eclipse.ui.browser.editor,2115,173
200806,org.eclipse.ui.DefaultTextEditor,6017,474
200806,org.eclipse.ui.forms.examples.base-editor,5,1
200806,org.eclipse.ui.forms.examples.single-header-editor,8,1
200806,org.eclipse.ui.systemInPlaceEditor,37,17
200806,org.eclipse.uml2.diagram.activity.part.UMLDiagramEditorID,3,3
200806,org.eclipse.uml2.diagram.clazz.part.UMLDiagramEditorID,256,21
200806,org.eclipse.uml2.diagram.component.part.UMLDiagramEditorID,6,2
200806,org.eclipse.uml2.diagram.csd.part.UMLDiagramEditorID,1,1
200806,org.eclipse.uml2.diagram.statemachine.part.UMLDiagramEditorID,3,1
200806,org.eclipse.uml2.diagram.usecase.part.UMLDiagramEditorID,18,4
200806,org.eclipse.uml2.uml.editor.presentation.UMLEditorID,160,20
200806,org.eclipse.ve.internal.java.codegen.editorpart.JavaVisualEditor,310,8
200806,org.eclipse.wst.css.core.csssource.source,925,75
200806,org.eclipse.wst.dtd.core.dtdsource.source,104,9
200806,org.eclipse.wst.html.core.htmlsource.source,1954,130
200806,org.eclipse.wst.javascript.ui.internal.editor.JSMultiPageEditorPart,1,1
200806,org.eclipse.wst.jsdt.ui.ClassFileEditor,10,6
200806,org.eclipse.wst.jsdt.ui.CompilationUnitEditor,1183,80
200806,org.eclipse.wst.server.ui.editor,132,50
200806,org.eclipse.wst.wsdl.ui.internal.WSDLEditor,265,21
200806,org.eclipse.wst.xml.ui.internal.tabletree.XMLMultiPageEditorPart,9783,491
200806,org.eclipse.wst.xsd.ui.internal.editor.InternalXSDMultiPageEditor,769,47
200806,org.eclipse.wst.xsl.ui.XSLEditor,32,4
200806,org.eclipse.xsd.presentation.XSDEditorID,16,2
200807,org.eclipse.ajdt.internal.ui.editor.CompilationUnitEditor,532,52
200807,org.eclipse.am3.tools.tge,117,6
200807,org.eclipse.ant.ui.internal.editor.AntEditor,25602,2914
200807,org.eclipse.atf.mozilla.ide.ui.MozBrowserEditor,41,3
200807,org.eclipse.birt.report.debug.internal.ui.script.editor.DebugJsEditor,4,1
200807,org.eclipse.birt.report.designer.ui.editors.IDEReportDocumentEditor,1,1
200807,org.eclipse.birt.report.designer.ui.editors.LibraryEditor,158,28
200807,org.eclipse.birt.report.designer.ui.editors.ReportEditor,9883,305
200807,org.eclipse.birt.report.designer.ui.editors.TemplateEditor,80,13
200807,org.eclipse.buckminster.ui.editor.QueryEditor,13,4
200807,org.eclipse.buckminster.ui.editors.CSPECEditor,74,9
200807,org.eclipse.buckminster.ui.editors.CSPEXEditor,74,1
200807,org.eclipse.buckminster.ui.editors.RMAPEditor,16,5
200807,org.eclipse.cdt.debug.ui.disassemblyEditor,1,1
200807,org.eclipse.cdt.debug.ui.SourceNotFoundEditor,815,291
200807,org.eclipse.cdt.make.editor,6638,853
200807,org.eclipse.cdt.ui.binaryEditor,578,297
200807,org.eclipse.cdt.ui.editor.asm.AsmEditor,591,73
200807,org.eclipse.cdt.ui.editor.CEditor,202931,3354
200807,org.eclipse.compare.CompareEditor,38331,4320
200807,org.eclipse.datatools.sqltools.data.internal.ui.editor.tableDataEditor,1012,220
200807,org.eclipse.datatools.sqltools.routineeditor.internal.RoutineEditor,124,19
200807,org.eclipse.datatools.sqltools.sqlbuilder,34,13
200807,org.eclipse.datatools.sqltools.sqleditor.SQLEditor,630,64
200807,org.eclipse.datatools.sqltools.sqlscrapbook.SQLScrapbookEditor,10754,1262
200807,org.eclipse.dd.examples.pda.editor,5,1
200807,org.eclipse.dd.ipxact.editor.ui.editors.IP-XACTMultiPageEditor,3,2
200807,org.eclipse.debug.ui.NoSourceFoundEditor,41,12
200807,org.eclipse.debug.ui.sourcelookup.CommonSourceNotFoundEditor,3201,1194
200807,org.eclipse.dltk.python.ui.editor.PythonEditor,84,10
200807,org.eclipse.dltk.ruby.ui.editor.RubyEditor,1495,50
200807,org.eclipse.dltk.tcl.ui.editor.TclEditor,424,15
200807,org.eclipse.emf.cdo.ui.CDOEditor,29,1
200807,org.eclipse.emf.codegen.ecore.genmodel.presentation.GenModelEditorID,1438,148
200807,org.eclipse.emf.ecore.presentation.EcoreEditorID,2426,185
200807,org.eclipse.emf.ecore.presentation.ReflectiveEditorID,905,85
200807,org.eclipse.emf.ecore.sdo.presentation.SDOEditorID,3,1
200807,org.eclipse.emf.ecoretools.diagram.part.EcoreDiagramEditorID,905,67
200807,org.eclipse.emf.emfatic.ui.editor.EmfaticEditor,4,1
200807,org.eclipse.emf.jcrm.ntmodel.jcr.nodetype.presentation.NodetypeEditorID,1,1
200807,org.eclipse.emf.mapping.ecore2ecore.presentation.Ecore2EcoreEditorID,8,3
200807,org.eclipse.emf.mapping.ecore2xml.presentation.Ecore2XMLEditorID,11,3
200807,org.eclipse.emf.mapping.xsd2ecore.presentation.XSD2EcoreEditorID,14,7
200807,org.eclipse.epf.authoring.ui.editors.ConfigurationEditor,1,1
200807,org.eclipse.epf.authoring.ui.editors.MethodElementEditor,12,1
200807,org.eclipse.epsilon.dt.exeed.ExeedEditor,10,1
200807,org.eclipse.epsilon.hutn.dt.editor.HutnEditor,10,1
200807,org.eclipse.equinox.p2.authoring.iueditor,4,1
200807,org.eclipse.example.library.presentation.LibraryEditorID,27,2
200807,org.eclipse.gef.TextEditor,12,4
200807,org.eclipse.gmf.codegen.gmfgen.presentation.GMFGenEditorID,28,9
200807,org.eclipse.gmf.ecore.part.EcoreDiagramEditorID,280,48
200807,org.eclipse.gmf.examples.taipan.gmf.editor.part.TaiPanDiagramEditorID,8,3
200807,org.eclipse.gmf.examples.taipan.presentation.TaiPanEditorID,2,1
200807,org.eclipse.gmf.gmfgraph.presentation.GMFGraphEditorID,56,7
200807,org.eclipse.gmf.graphdef.editor.part.GMFGraphDiagramEditorID,2,1
200807,org.eclipse.gmf.mappings.presentation.GMFMapEditorID,662,52
200807,org.eclipse.gmf.sketch.presentation.SketchEditorID,10,1
200807,org.eclipse.gmf.tooldef.presentation.GMFToolEditorID,137,33
200807,org.eclipse.gmf.xpand.XpandEditor,14,3
200807,org.eclipse.gmt.gems.dsml.metamodel2.editor,86,1
200807,org.eclipse.hyades.probekit.editor.internal.presentation.ProbekitEditorID,13,3
200807,org.eclipse.hyades.test.ui.editor.TestSuiteEditorPart,46,10
200807,org.eclipse.hyades.test.ui.forms.editor.TestLogViewer,2,2
200807,org.eclipse.hyades.trace.ui.internal.editors.TRCAgentEditor,4,2
200807,org.eclipse.hyades.trace.ui.internal.editors.TRCMonitorEditor,4,2
200807,org.eclipse.hyades.trace.ui.internal.editors.TRCNodeEditor,2,2
200807,org.eclipse.hyades.trace.ui.internal.editors.TRCProcessEditor,9,4
200807,org.eclipse.ice.editor.ICEEditor,46,1
200807,org.eclipse.imp.runtime.impEditor,39,6
200807,org.eclipse.jdt.debug.ui.SnippetEditor,678,116
200807,org.eclipse.jdt.ui.ClassFileEditor,50972,7177
200807,org.eclipse.jdt.ui.CompilationUnitEditor,1338150,23771
200807,org.eclipse.jdt.ui.DefaultTextEditor,15,6
200807,org.eclipse.jdt.ui.JARDescEditor,109,42
200807,org.eclipse.jdt.ui.PropertiesFileEditor,28175,4450
200807,org.eclipse.jem.beaninfo.OverrideEditor,7,1
200807,org.eclipse.jet.editor.JETEditor,173,9
200807,org.eclipse.jpt.ui.internal.editors.PersistenceEditor,2914,555
200807,org.eclipse.jst.jsf.facesconfig.ui.FacesConfigEditor,2976,492
200807,org.eclipse.jst.jsp.core.cssjspsource.source,86,9
200807,org.eclipse.jst.jsp.core.jspsource.source,130019,6063
200807,org.eclipse.jst.pagedesigner.PageDesignerEditor,6167,546
200807,org.eclipse.linuxtools.changelog.core.editor6,82,4
200807,org.eclipse.linuxtools.rpm.ui.editor.SpecfileEditor,3,1
200807,org.eclipse.m2m.atl.adt.editor.AtlEditor,430,12
200807,org.eclipse.m2m.qvt.oml.editor.ui.QvtEditor,264,9
200807,org.eclipse.m2m.qvt.oml.trace.editor,15,2
200807,org.eclipse.mat.ui.editors.HeapEditor,53,10
200807,org.eclipse.mofscript.editor.MofScriptTextEditor,107,3
200807,org.eclipse.mtj.ui.editor.JadEditor,7,3
200807,org.eclipse.mylyn.tasks.ui.editors.category,24,16
200807,org.eclipse.mylyn.tasks.ui.editors.task,8169,989
200807,org.eclipse.ocl.examples.employee.presentation.EmployeeEditorID,14,1
200807,org.eclipse.pde.ui.buildEditor,2034,557
200807,org.eclipse.pde.ui.ctxHelpEditor,19,12
200807,org.eclipse.pde.ui.featureEditor,819,137
200807,org.eclipse.pde.ui.manifestEditor,15631,1314
200807,org.eclipse.pde.ui.productEditor,1956,274
200807,org.eclipse.pde.ui.sampleEditor,13,10
200807,org.eclipse.pde.ui.schemaEditor,393,67
200807,org.eclipse.pde.ui.simpleCheatSheetEditor,12,5
200807,org.eclipse.pde.ui.siteEditor,275,57
200807,org.eclipse.pde.ui.targetEditor,97,24
200807,org.eclipse.pde.ui.tocEditor,159,20
200807,org.eclipse.photran.ui.FixedFormFortranEditor,10,1
200807,org.eclipse.php.editor,11478,339
200807,org.eclipse.ptp.ui.views.parallelProcessView,38,1
200807,org.eclipse.smarty.editor,2,1
200807,org.eclipse.spliteditor.SplitTextEditor,2,1
200807,org.eclipse.stp.bpmn.diagram.part.BpmnDiagramEditorID,59,13
200807,org.eclipse.stp.eid.datamodel.diagram.part.Cimero2EditorDiagramEditorID,10,2
200807,org.eclipse.stp.im.presentation.ImEditorID,88,2
200807,org.eclipse.stp.policy.wtp.editor.OperationPolicyMultiPageEditor,25,2
200807,org.eclipse.stp.sca.diagram.part.ScaDiagramEditorID,217,16
200807,org.eclipse.stp.sca.presentation.ScaEditorID,157,14
200807,org.eclipse.stp.ui.xef.editor.XefEditor,30,5
200807,org.eclipse.tptp.symptom.internal.presentation.SymptomEditor,5,2
200807,org.eclipse.ui.browser.editor,43072,3781
200807,org.eclipse.ui.DefaultTextEditor,72297,8701
200807,org.eclipse.ui.examples.contributions.editor,9,1
200807,org.eclipse.ui.examples.templateeditor.editors.TemplateEditor,1,1
200807,org.eclipse.ui.forms.article.base-editor,1,1
200807,org.eclipse.ui.internal.ide.dialogs.WelcomeEditor,1,1
200807,org.eclipse.ui.JavaEditor,1,1
200807,org.eclipse.ui.systemInPlaceEditor,897,268
200807,org.eclipse.uml2.diagram.activity.part.UMLDiagramEditorID,175,34
200807,org.eclipse.uml2.diagram.clazz.part.UMLDiagramEditorID,1171,154
200807,org.eclipse.uml2.diagram.component.part.UMLDiagramEditorID,47,13
200807,org.eclipse.uml2.diagram.csd.part.UMLDiagramEditorID,39,9
200807,org.eclipse.uml2.diagram.deploy.part.UMLDiagramEditorID,78,10
200807,org.eclipse.uml2.diagram.profile.part.UMLDiagramEditorID,53,10
200807,org.eclipse.uml2.diagram.statemachine.part.UMLDiagramEditorID,119,10
200807,org.eclipse.uml2.diagram.usecase.part.UMLDiagramEditorID,200,45
200807,org.eclipse.uml2.uml.editor.presentation.UMLEditorID,836,169
200807,org.eclipse.ve.internal.java.codegen.editorpart.JavaVisualEditor,3695,217
200807,org.eclipse.vtp.desktop.editors.core.applicationeditor,26,1
200807,org.eclipse.vtp.desktop.editors.voice.editor.VoiceEditor,2,1
200807,org.eclipse.weaver.globalWeaverEditorID,10,1
200807,org.eclipse.webbrowser,3,1
200807,org.eclipse.wst.css.core.csssource.source,12965,1538
200807,org.eclipse.wst.dtd.core.dtdsource.source,782,202
200807,org.eclipse.wst.html.core.htmlsource.source,36079,3059
200807,org.eclipse.wst.javascript.ui.internal.editor.JSMultiPageEditorPart,43,2
200807,org.eclipse.wst.jsdt.ui.ClassFileEditor,534,162
200807,org.eclipse.wst.jsdt.ui.CompilationUnitEditor,25674,1989
200807,org.eclipse.wst.server.ui.editor,4146,1315
200807,org.eclipse.wst.sse.ui.StructuredTextEditor,13,5
200807,org.eclipse.wst.wsdl.ui.internal.WSDLEditor,2338,316
200807,org.eclipse.wst.xml.ui.internal.tabletree.XMLMultiPageEditorPart,146915,11011
200807,org.eclipse.wst.xsd.ui.internal.editor.InternalXSDMultiPageEditor,5844,625
200807,org.eclipse.wst.xsl.ui.XSLEditor,623,45
200807,org.eclipse.xml.editor.editors.XMLMultiPageEditor,2,1
200807,org.eclipse.xsd.presentation.XSDEditorID,147,28
200808,org.eclipse.ajdt.internal.ui.editor.CompilationUnitEditor,1077,64
200808,org.eclipse.am3.tools.tge,517,2
200808,org.eclipse.ant.ui.internal.editor.AntEditor,35560,3934
200808,org.eclipse.atf.mozilla.ide.ui.MozBrowserEditor,3,1
200808,org.eclipse.birt.report.designer.ui.editors.LibraryEditor,307,37
200808,org.eclipse.birt.report.designer.ui.editors.ReportEditor,12136,362
200808,org.eclipse.birt.report.designer.ui.editors.TemplateEditor,186,14
200808,org.eclipse.buckminster.ui.editor.QueryEditor,49,10
200808,org.eclipse.buckminster.ui.editors.CSPECEditor,18,7
200808,org.eclipse.buckminster.ui.editors.RMAPEditor,6,1
200808,org.eclipse.cdt.debug.ui.SourceNotFoundEditor,1018,358
200808,org.eclipse.cdt.make.editor,7592,1075
200808,org.eclipse.cdt.ui.binaryEditor,675,371
200808,org.eclipse.cdt.ui.editor.asm.AsmEditor,1062,109
200808,org.eclipse.cdt.ui.editor.CEditor,271898,4352
200808,org.eclipse.compare.CompareEditor,49840,5706
200808,org.eclipse.datatools.sqltools.data.internal.ui.editor.tableDataEditor,1087,238
200808,org.eclipse.datatools.sqltools.internal.sqlscrapbook.editor.SQLScrapbookEditor,11,1
200808,org.eclipse.datatools.sqltools.routineeditor.internal.RoutineEditor,64,19
200808,org.eclipse.datatools.sqltools.sqlbuilder,44,18
200808,org.eclipse.datatools.sqltools.sqleditor.SQLEditor,360,66
200808,org.eclipse.datatools.sqltools.sqlscrapbook.SQLScrapbookEditor,14712,1804
200808,org.eclipse.dd.ipxact.editor.ui.editors.IP-XACTMultiPageEditor,20,2
200808,org.eclipse.debug.ui.NoSourceFoundEditor,39,12
200808,org.eclipse.debug.ui.sourcelookup.CommonSourceNotFoundEditor,4462,1683
200808,org.eclipse.dltk.javascript.ui.editor.JavascriptEditor,40,6
200808,org.eclipse.dltk.python.ui.editor.PythonEditor,200,9
200808,org.eclipse.dltk.ruby.ui.editor.RubyEditor,1911,73
200808,org.eclipse.dltk.tcl.ui.editor.TclEditor,701,17
200808,org.eclipse.emf.codegen.ecore.genmodel.presentation.GenModelEditorID,836,107
200808,org.eclipse.emf.codegen.jeteditor,18,1
200808,org.eclipse.emf.ecore.presentation.EcoreEditorID,2073,155
200808,org.eclipse.emf.ecore.presentation.ReflectiveEditorID,790,80
200808,org.eclipse.emf.ecore.sdo.presentation.SDOEditorID,2,1
200808,org.eclipse.emf.ecoretools.diagram.part.EcoreDiagramEditorID,658,60
200808,org.eclipse.emf.emfatic.ui.editor.EmfaticEditor,2,1
200808,org.eclipse.emf.examples.extlibrary.presentation.EXTLibraryEditorID,1,1
200808,org.eclipse.emf.jcrm.ntmodel.jcr.nodetype.presentation.NodetypeEditorID,1,1
200808,org.eclipse.emf.jcrm.ntmodel.jrxml.jrxmlntmodel.presentation.JrxmlntmodelEditorID,2,1
200808,org.eclipse.emf.mapping.ecore2ecore.presentation.Ecore2EcoreEditorID,7,4
200808,org.eclipse.emf.mapping.ecore2xml.presentation.Ecore2XMLEditorID,11,5
200808,org.eclipse.emf.mapping.xsd2ecore.presentation.XSD2EcoreEditorID,10,4
200808,org.eclipse.emf.mwe.ui.internal.simpleEditor.WorkflowEditor,2,1
200808,org.eclipse.epsilon.dt.exeed.ExeedEditor,44,1
200808,org.eclipse.epsilon.dt.exeed.RegisteredEPackageEditor,4,1
200808,org.eclipse.epsilon.egl.dt.editor.EglEditor,17,1
200808,org.eclipse.epsilon.eol.dt.editor.EolEditor,12,1
200808,org.eclipse.epsilon.etl.dt.editor.EtlEditor,12,1
200808,org.eclipse.epsilon.evl.dt.editor.EvlEditor,25,1
200808,org.eclipse.epsilon.hutn.dt.editor.HutnEditor,52,1
200808,org.eclipse.example.library.presentation.LibraryEditorID,10,1
200808,org.eclipse.gef.examples.ediagram.editor.EDiagramEditor,6,1
200808,org.eclipse.gef.TextEditor,4,2
200808,org.eclipse.gmf.codegen.gmfgen.presentation.GMFGenEditorID,5,2
200808,org.eclipse.gmf.ecore.part.EcoreDiagramEditorID,196,21
200808,org.eclipse.gmf.examples.mindmap.diagram.part.MindmapDiagramEditorID,5,2
200808,org.eclipse.gmf.examples.mindmap.presentation.MindmapEditorID,2,1
200808,org.eclipse.gmf.gmfgraph.presentation.GMFGraphEditorID,108,5
200808,org.eclipse.gmf.mappings.presentation.GMFMapEditorID,396,26
200808,org.eclipse.gmf.tooldef.presentation.GMFToolEditorID,59,17
200808,org.eclipse.gmf.xpand.XpandEditor,5,2
200808,org.eclipse.gmf.xtend.editor.XtendEditor,13,1
200808,org.eclipse.hyades.test.ui.editor.TestSuiteEditorPart,19,5
200808,org.eclipse.hyades.test.ui.forms.editor.TestLogViewer,3,1
200808,org.eclipse.hyades.trace.ui.internal.editors.TRCAgentEditor,2,2
200808,org.eclipse.hyades.trace.ui.internal.editors.TRCMonitorEditor,2,1
200808,org.eclipse.hyades.trace.ui.internal.editors.TRCNodeEditor,4,2
200808,org.eclipse.hyades.trace.ui.internal.editors.TRCProcessEditor,3,2
200808,org.eclipse.imp.runtime.impEditor,101,5
200808,org.eclipse.jdt.debug.ui.SnippetEditor,735,158
200808,org.eclipse.jdt.ui.ClassFileEditor,63847,9603
200808,org.eclipse.jdt.ui.CompilationUnitEditor,1878059,31622
200808,org.eclipse.jdt.ui.DefaultTextEditor,18,5
200808,org.eclipse.jdt.ui.JARDescEditor,170,65
200808,org.eclipse.jdt.ui.PropertiesFileEditor,40299,6194
200808,org.eclipse.jem.beaninfo.OverrideEditor,15,2
200808,org.eclipse.jet.editor.JETEditor,48,8
200808,org.eclipse.jpt.ui.internal.editors.PersistenceEditor,3074,649
200808,org.eclipse.jst.jsf.facesconfig.ui.FacesConfigEditor,3988,705
200808,org.eclipse.jst.jsp.core.cssjspsource.source,125,12
200808,org.eclipse.jst.jsp.core.jspsource.source,197807,8523
200808,org.eclipse.jst.pagedesigner.PageDesignerEditor,7584,647
200808,org.eclipse.jwt.we.editors.WEEditor,118,3
200808,org.eclipse.laszlo.rct.editor.LaszloMultiPageEditor,9,1
200808,org.eclipse.linuxtools.changelog.core.editor6,75,5
200808,org.eclipse.m2m.atl.adt.editor.AtlEditor,217,9
200808,org.eclipse.m2m.qvt.oml.editor.ui.QvtEditor,176,7
200808,org.eclipse.m2m.qvt.oml.trace.editor,5,2
200808,org.eclipse.mat.ui.editors.HeapEditor,94,13
200808,org.eclipse.mofscript.editor.MofScriptTextEditor,72,4
200808,org.eclipse.mst.uml.editor.presentation.CMOFEditorID,2,1
200808,org.eclipse.mst.uml.editor.presentation.UMLEditorID,1,1
200808,org.eclipse.mtj.ui.editor.JadEditor,86,12
200808,org.eclipse.mtj.ui.editor.JadSourceEditor,9,1
200808,org.eclipse.mylyn.tasks.ui.editors.category,5,5
200808,org.eclipse.mylyn.tasks.ui.editors.task,9657,1049
200808,org.eclipse.pde.ds.ui.editor,3,1
200808,org.eclipse.pde.ui.buildEditor,2804,698
200808,org.eclipse.pde.ui.compositeCheatSheetEditor,3,2
200808,org.eclipse.pde.ui.ctxHelpEditor,50,21
200808,org.eclipse.pde.ui.featureEditor,705,125
200808,org.eclipse.pde.ui.manifestEditor,13786,1320
200808,org.eclipse.pde.ui.productEditor,1604,246
200808,org.eclipse.pde.ui.sampleEditor,14,11
200808,org.eclipse.pde.ui.schemaEditor,368,61
200808,org.eclipse.pde.ui.simpleCheatSheetEditor,57,6
200808,org.eclipse.pde.ui.siteEditor,328,60
200808,org.eclipse.pde.ui.targetEditor,90,31
200808,org.eclipse.pde.ui.tocEditor,72,15
200808,org.eclipse.photran.ui.FixedFormFortranEditor,55,7
200808,org.eclipse.photran.ui.FreeFormFortranEditor,323,10
200808,org.eclipse.php.debug.SourceNotFoundEditor,2,2
200808,org.eclipse.php.editor,17473,433
200808,org.eclipse.php.untitledPhpEditor,1,1
200808,org.eclipse.qt.editor.qmake,28,2
200808,org.eclipse.smarty.editor,87,4
200808,org.eclipse.stp.bpmn.diagram.part.BpmnDiagramEditorID,78,15
200808,org.eclipse.stp.policy.wtp.editor.OperationPolicyMultiPageEditor,3,1
200808,org.eclipse.stp.sca.diagram.part.ScaDiagramEditorID,192,19
200808,org.eclipse.stp.sca.presentation.ScaEditorID,237,17
200808,org.eclipse.stp.soas.internal.core.ui.editors.DeployEditor,34,3
200808,org.eclipse.stp.ui.xef.editor.XefEditor,2,1
200808,org.eclipse.team.bugzilla.bugzillaBrowser,2,1
200808,org.eclipse.testharness.editor.TestHarnessEditor,27,1
200808,org.eclipse.ui.browser.editor,60470,4922
200808,org.eclipse.ui.DefaultTextEditor,94832,11407
200808,org.eclipse.ui.DefaultVxmlEditor,2,1
200808,org.eclipse.ui.editors.text.DRLEditor,10,2
200808,org.eclipse.ui.editors.text.ME10MacroEditor,3,1
200808,org.eclipse.ui.examples.contributions.editor,1,1
200808,org.eclipse.ui.examples.readmetool.ReadmeEditor,4,1
200808,org.eclipse.ui.examples.templateeditor.editors.TemplateEditor,66,1
200808,org.eclipse.ui.forms.article.base-editor,3,1
200808,org.eclipse.ui.forms.examples.base-editor,8,2
200808,org.eclipse.ui.forms.examples.single-header-editor,5,2
200808,org.eclipse.ui.internal.ide.dialogs.WelcomeEditor,1,1
200808,org.eclipse.ui.systemInPlaceEditor,1370,370
200808,org.eclipse.uml2.diagram.activity.part.UMLDiagramEditorID,184,32
200808,org.eclipse.uml2.diagram.clazz.part.UMLDiagramEditorID,1052,126
200808,org.eclipse.uml2.diagram.component.part.UMLDiagramEditorID,50,14
200808,org.eclipse.uml2.diagram.csd.part.UMLDiagramEditorID,23,9
200808,org.eclipse.uml2.diagram.deploy.part.UMLDiagramEditorID,39,5
200808,org.eclipse.uml2.diagram.profile.part.UMLDiagramEditorID,22,4
200808,org.eclipse.uml2.diagram.statemachine.part.UMLDiagramEditorID,12,6
200808,org.eclipse.uml2.diagram.usecase.part.UMLDiagramEditorID,210,38
200808,org.eclipse.uml2.presentation.UML2EditorID,2,1
200808,org.eclipse.uml2.uml.editor.presentation.UMLEditorID,748,164
200808,org.eclipse.ve.internal.java.codegen.editorpart.JavaVisualEditor,6312,314
200808,org.eclipse.wst.css.core.csssource.source,20370,2278
200808,org.eclipse.wst.dtd.core.dtdsource.source,822,205
200808,org.eclipse.wst.html.core.htmlsource.source,48813,4123
200808,org.eclipse.wst.javascript.ui.internal.editor.JSMultiPageEditorPart,10,2
200808,org.eclipse.wst.jsdt.ui.ClassFileEditor,524,167
200808,org.eclipse.wst.jsdt.ui.CompilationUnitEditor,35986,2633
200808,org.eclipse.wst.server.ui.editor,5107,1682
200808,org.eclipse.wst.sse.ui.StructuredTextEditor,72,8
200808,org.eclipse.wst.wsdl.ui.internal.WSDLEditor,3838,490
200808,org.eclipse.wst.xml.ui.internal.tabletree.XMLMultiPageEditorPart,201009,14639
200808,org.eclipse.wst.xsd.ui.internal.editor.InternalXSDMultiPageEditor,8269,859
200808,org.eclipse.wst.xsl.ui.XSLEditor,1066,73
200808,org.eclipse.xsd.presentation.XSDEditorID,68,14
200809,org.eclipse.ajdt.internal.ui.editor.CompilationUnitEditor,1167,88
200809,org.eclipse.am3.tools.tge,84,2
200809,org.eclipse.ant.ui.internal.editor.AntEditor,40670,4835
200809,org.eclipse.atf.mozilla.ide.ui.MozBrowserEditor,6,2
200809,org.eclipse.birt.report.designer.ui.editors.IDEReportDocumentEditor,1,1
200809,org.eclipse.birt.report.designer.ui.editors.LibraryEditor,253,29
200809,org.eclipse.birt.report.designer.ui.editors.ReportEditor,14118,399
200809,org.eclipse.birt.report.designer.ui.editors.TemplateEditor,585,20
200809,org.eclipse.buckminster.ui.editor.QueryEditor,37,6
200809,org.eclipse.buckminster.ui.editors.CSPECEditor,25,9
200809,org.eclipse.buckminster.ui.editors.CSPEXEditor,2,1
200809,org.eclipse.buckminster.ui.editors.RMAPEditor,5,2
200809,org.eclipse.cdt.debug.ui.disassemblyEditor,3,2
200809,org.eclipse.cdt.debug.ui.SourceNotFoundEditor,1177,371
200809,org.eclipse.cdt.make.editor,9689,1290
200809,org.eclipse.cdt.ui.binaryEditor,906,418
200809,org.eclipse.cdt.ui.editor.asm.AsmEditor,1614,151
200809,org.eclipse.cdt.ui.editor.CEditor,318749,5538
200809,org.eclipse.compare.CompareEditor,62523,7041
200809,org.eclipse.datatools.sqltools.data.internal.ui.editor.tableDataEditor,1271,239
200809,org.eclipse.datatools.sqltools.routineeditor.internal.RoutineEditor,82,19
200809,org.eclipse.datatools.sqltools.sqlbuilder,43,11
200809,org.eclipse.datatools.sqltools.sqleditor.SQLEditor,575,83
200809,org.eclipse.datatools.sqltools.sqlscrapbook.SQLScrapbookEditor,18019,2183
200809,org.eclipse.dd.ipxact.editor.ui.editors.IP-XACTMultiPageEditor,18,6
200809,org.eclipse.debug.ui.NoSourceFoundEditor,37,8
200809,org.eclipse.debug.ui.sourcelookup.CommonSourceNotFoundEditor,6790,2418
200809,org.eclipse.dltk.javascript.ui.editor.JavascriptEditor,57,5
200809,org.eclipse.dltk.python.ui.editor.PythonEditor,380,15
200809,org.eclipse.dltk.ruby.ui.editor.RubyEditor,2089,90
200809,org.eclipse.dltk.tcl.ui.editor.TclEditor,915,19
200809,org.eclipse.emf.cdo.ui.CDOEditor,3,1
200809,org.eclipse.emf.codegen.ecore.genmodel.presentation.GenModelEditorID,1413,145
200809,org.eclipse.emf.codegen.jeteditor,26,1
200809,org.eclipse.emf.ecore.presentation.EcoreEditorID,2259,185
200809,org.eclipse.emf.ecore.presentation.ReflectiveEditorID,661,87
200809,org.eclipse.emf.ecore.presentation.XMLReflectiveEditorID,1,1
200809,org.eclipse.emf.ecore.sdo.presentation.SDOEditorID,12,7
200809,org.eclipse.emf.ecoretools.diagram.part.EcoreDiagramEditorID,630,60
200809,org.eclipse.emf.emfatic.ui.editor.EmfaticEditor,2,1
200809,org.eclipse.emf.examples.extlibrary.presentation.EXTLibraryEditorID,12,2
200809,org.eclipse.emf.java.presentation.JavaEditorID,8,1
200809,org.eclipse.emf.jcrm.ntmodel.jcr.nodetype.presentation.NodetypeEditorID,5,1
200809,org.eclipse.emf.jcrm.ntmodel.jrcnd.editor.JackrabbitCNDEditor,7,1
200809,org.eclipse.emf.jcrm.ntmodel.jrxml.jrxmlntmodel.presentation.JrxmlntmodelEditorID,3,1
200809,org.eclipse.emf.mapping.ecore2ecore.presentation.Ecore2EcoreEditorID,6,5
200809,org.eclipse.emf.mapping.ecore2xml.presentation.Ecore2XMLEditorID,11,5
200809,org.eclipse.emf.mapping.xsd2ecore.presentation.XSD2EcoreEditorID,13,5
200809,org.eclipse.epsilon.dt.exeed.ExeedEditor,28,2
200809,org.eclipse.epsilon.eol.dt.editor.EolEditor,15,2
200809,org.eclipse.epsilon.etl.dt.editor.EtlEditor,4,1
200809,org.eclipse.epsilon.evl.dt.editor.EvlEditor,19,1
200809,org.eclipse.epsilon.ewl.dt.editor.EwlEditor,15,1
200809,org.eclipse.epsilon.fptc.system.diagram.part.SystemDiagramEditorID,27,1
200809,org.eclipse.epsilon.hutn.dt.editor.HutnEditor,3,1
200809,org.eclipse.example.library.presentation.LibraryEditorID,4,2
200809,org.eclipse.gef.TextEditor,2,1
200809,org.eclipse.gmf.codegen.gmfgen.presentation.GMFGenEditorID,70,6
200809,org.eclipse.gmf.ecore.part.EcoreDiagramEditorID,273,37
200809,org.eclipse.gmf.examples.mindmap.diagram.part.MindmapDiagramEditorID,4,1
200809,org.eclipse.gmf.gmfgraph.presentation.GMFGraphEditorID,90,6
200809,org.eclipse.gmf.mappings.presentation.GMFMapEditorID,514,23
200809,org.eclipse.gmf.tooldef.presentation.GMFToolEditorID,68,18
200809,org.eclipse.gmf.xpand.XpandEditor,13,5
200809,org.eclipse.hibachi.ui.editor.AdaEditor,24,2
200809,org.eclipse.hyades.probekit.editor.internal.presentation.ProbekitEditorID,1,1
200809,org.eclipse.hyades.test.ui.editor.DatapoolEditorPart,1,1
200809,org.eclipse.hyades.test.ui.editor.DeploymentEditorPart,2,1
200809,org.eclipse.hyades.test.ui.editor.LocationEditorPart,1,1
200809,org.eclipse.hyades.test.ui.editor.TestSuiteEditorPart,46,8
200809,org.eclipse.hyades.trace.ui.internal.editors.TRCAgentEditor,1,1
200809,org.eclipse.hyades.trace.ui.internal.editors.TRCMonitorEditor,3,2
200809,org.eclipse.hyades.trace.ui.internal.editors.TRCNodeEditor,2,2
200809,org.eclipse.hyades.trace.ui.internal.editors.TRCProcessEditor,1,1
200809,org.eclipse.imp.runtime.impEditor,143,5
200809,org.eclipse.jdt.debug.ui.SnippetEditor,1011,199
200809,org.eclipse.jdt.ui.ClassFileEditor,76955,12386
200809,org.eclipse.jdt.ui.CompilationUnitEditor,2591609,45165
200809,org.eclipse.jdt.ui.DefaultTextEditor,16,5
200809,org.eclipse.jdt.ui.JARDescEditor,169,57
200809,org.eclipse.jdt.ui.javaeditor,6,1
200809,org.eclipse.jdt.ui.PropertiesFileEditor,51620,7600
200809,org.eclipse.jet.editor.JETEditor,106,7
200809,org.eclipse.jpt.ui.internal.editors.PersistenceEditor,3189,714
200809,org.eclipse.jst.jsf.facesconfig.ui.FacesConfigEditor,4378,790
200809,org.eclipse.jst.jsp.core.cssjspsource.source,727,20
200809,org.eclipse.jst.jsp.core.jspsource.source,258401,10477
200809,org.eclipse.jst.pagedesigner.PageDesignerEditor,9779,778
200809,org.eclipse.jwt.we.editors.WEEditor,2,1
200809,org.eclipse.laszlo.rct.editor.LaszloMultiPageEditor,16,2
200809,org.eclipse.laszlo.rct.lzx.ui.LaszloEditor,106,1
200809,org.eclipse.linuxtools.changelog.core.editor6,30,3
200809,org.eclipse.m2m.atl.adt.editor.AtlEditor,303,17
200809,org.eclipse.m2m.qvt.oml.editor.ui.QvtEditor,138,12
200809,org.eclipse.m2m.qvt.oml.trace.editor,2,1
200809,org.eclipse.mat.ui.editors.HeapEditor,28,9
200809,org.eclipse.mofscript.editor.MofScriptTextEditor,84,6
200809,org.eclipse.mtj.ui.editor.JadEditor,44,6
200809,org.eclipse.mtj.ui.editor.JadSourceEditor,13,4
200809,org.eclipse.mylyn.tasks.ui.editors.category,14,10
200809,org.eclipse.mylyn.tasks.ui.editors.task,10933,1191
200809,org.eclipse.pde.ds.ui.editor,1,1
200809,org.eclipse.pde.ui.buildEditor,3373,851
200809,org.eclipse.pde.ui.compositeCheatSheetEditor,3,2
200809,org.eclipse.pde.ui.ctxHelpEditor,33,15
200809,org.eclipse.pde.ui.featureEditor,911,145
200809,org.eclipse.pde.ui.manifestEditor,15050,1479
200809,org.eclipse.pde.ui.productEditor,1800,290
200809,org.eclipse.pde.ui.sampleEditor,35,16
200809,org.eclipse.pde.ui.schemaEditor,295,61
200809,org.eclipse.pde.ui.simpleCheatSheetEditor,82,14
200809,org.eclipse.pde.ui.siteEditor,416,78
200809,org.eclipse.pde.ui.targetEditor,106,29
200809,org.eclipse.pde.ui.tocEditor,147,18
200809,org.eclipse.photran.ui.FixedFormFortranEditor,245,17
200809,org.eclipse.photran.ui.FreeFormFortranEditor,772,21
200809,org.eclipse.php.debug.SourceNotFoundEditor,2,2
200809,org.eclipse.php.editor,21421,491
200809,org.eclipse.ptp.ui.views.parallelProcessView,4,1
200809,org.eclipse.qt.editor.qmake,6,1
200809,org.eclipse.smarty.editor,89,5
200809,org.eclipse.soda.devicekit.editor.adaptereditor,1,1
200809,org.eclipse.soda.devicekit.editor.deviceeditor,1,1
200809,org.eclipse.soda.devicekit.editor.profileeditor,1,1
200809,org.eclipse.stp.bpmn.diagram.part.BpmnDiagramEditorID,129,26
200809,org.eclipse.stp.eid.datamodel.diagram.part.Cimero2EditorDiagramEditorID,1,1
200809,org.eclipse.stp.im.presentation.ImEditorID,2,1
200809,org.eclipse.stp.sca.diagram.part.ScaDiagramEditorID,50,7
200809,org.eclipse.stp.sca.presentation.ScaEditorID,20,7
200809,org.eclipse.stp.soas.internal.core.ui.editors.DeployEditor,1,1
200809,org.eclipse.stp.ui.xef.editor.XefEditor,22,5
200809,org.eclipse.team.bugzilla.bugzillaBrowser,1,1
200809,org.eclipse.tigerstripe.workbench.ui.eclipse.editors.descriptorEditor,5,1
200809,org.eclipse.tigerstripe.workbench.ui.eclipse.editors.ossj.entityEditor,1,1
200809,org.eclipse.tigerstripe.workbench.ui.eclipse.editors.ossj.packageEditor,18,1
200809,org.eclipse.tigerstripe.workbench.ui.visualeditor.diagram.part.TigerstripeDiagramEditorID,10,1
200809,org.eclipse.ui.browser.editor,74499,5851
200809,org.eclipse.ui.DefaultTextEditor,126951,14964
200809,org.eclipse.ui.editors.text.DRLEditor,54,1
200809,org.eclipse.ui.editors.text.texteditor,1,1
200809,org.eclipse.ui.examples.readmetool.ReadmeEditor,1,1
200809,org.eclipse.ui.examples.templateeditor.editors.TemplateEditor,15,4
200809,org.eclipse.ui.forms.examples.base-editor,3,2
200809,org.eclipse.ui.systemInPlaceEditor,1604,490
200809,org.eclipse.uml2.diagram.activity.part.UMLDiagramEditorID,148,27
200809,org.eclipse.uml2.diagram.clazz.part.UMLDiagramEditorID,1102,165
200809,org.eclipse.uml2.diagram.component.part.UMLDiagramEditorID,71,15
200809,org.eclipse.uml2.diagram.csd.part.UMLDiagramEditorID,3,3
200809,org.eclipse.uml2.diagram.deploy.part.UMLDiagramEditorID,35,9
200809,org.eclipse.uml2.diagram.profile.part.UMLDiagramEditorID,24,6
200809,org.eclipse.uml2.diagram.statemachine.part.UMLDiagramEditorID,174,15
200809,org.eclipse.uml2.diagram.usecase.part.UMLDiagramEditorID,353,55
200809,org.eclipse.uml2.uml.editor.presentation.UMLEditorID,868,202
200809,org.eclipse.ve.internal.java.codegen.editorpart.JavaVisualEditor,8670,418
200809,org.eclipse.vtp.desktop.editors.core.applicationeditor,5,1
200809,org.eclipse.vtp.desktop.editors.core.applicationfragmenteditor,1,1
200809,org.eclipse.vtp.desktop.editors.voice.editor.VoiceEditor,8,2
200809,org.eclipse.vtp.editor.jsgf.editor,20,1
200809,org.eclipse.weaver.globalWeaverEditorID,3,1
200809,org.eclipse.wst.css.core.csssource.source,25408,2832
200809,org.eclipse.wst.dtd.core.dtdsource.source,1238,290
200809,org.eclipse.wst.html.core.htmlsource.source,60889,5124
200809,org.eclipse.wst.javascript.ui.internal.editor.JSMultiPageEditorPart,18,3
200809,org.eclipse.wst.jsdt.ui.ClassFileEditor,668,161
200809,org.eclipse.wst.jsdt.ui.CompilationUnitEditor,43381,3243
200809,org.eclipse.wst.server.ui.editor,6230,1966
200809,org.eclipse.wst.sse.ui.StructuredTextEditor,64,9
200809,org.eclipse.wst.wsdl.ui.internal.WSDLEditor,4401,550
200809,org.eclipse.wst.xml.ui.internal.tabletree.XMLMultiPageEditorPart,249778,18193
200809,org.eclipse.wst.xquery.XQueryEditor,37,1
200809,org.eclipse.wst.xsd.ui.internal.editor.InternalXSDMultiPageEditor,8959,1002
200809,org.eclipse.wst.xsl.ui.XSLEditor,1403,94
200809,org.eclipse.xsd.presentation.XSDEditorID,143,16
200810,org.eclipse.ajdt.internal.ui.editor.CompilationUnitEditor,587,55
200810,org.eclipse.am3.tools.tge,28,1
200810,org.eclipse.ant.ui.internal.editor.AntEditor,15797,2284
200810,org.eclipse.atf.mozilla.ide.ui.MozBrowserEditor,126,1
200810,org.eclipse.birt.report.debug.internal.ui.script.editor.DebugJsEditor,8,1
200810,org.eclipse.birt.report.designer.ui.editors.LibraryEditor,85,13
200810,org.eclipse.birt.report.designer.ui.editors.ReportEditor,4340,179
200810,org.eclipse.birt.report.designer.ui.editors.TemplateEditor,36,5
200810,org.eclipse.buckminster.ui.editor.QueryEditor,25,2
200810,org.eclipse.buckminster.ui.editors.CSPECEditor,18,5
200810,org.eclipse.cdt.debug.ui.SourceNotFoundEditor,504,174
200810,org.eclipse.cdt.make.editor,3564,592
200810,org.eclipse.cdt.ui.binaryEditor,488,198
200810,org.eclipse.cdt.ui.editor.asm.AsmEditor,786,70
200810,org.eclipse.cdt.ui.editor.CEditor,127317,3272
200810,org.eclipse.compare.CompareEditor,23028,3862
200810,org.eclipse.datatools.sqltools.data.internal.ui.editor.tableDataEditor,354,96
200810,org.eclipse.datatools.sqltools.routineeditor.internal.RoutineEditor,19,5
200810,org.eclipse.datatools.sqltools.sqlbuilder,4,3
200810,org.eclipse.datatools.sqltools.sqleditor.SQLEditor,235,39
200810,org.eclipse.datatools.sqltools.sqlscrapbook.SQLScrapbookEditor,6965,1013
200810,org.eclipse.dd.ipxact.editor.ui.editors.IP-XACTMultiPageEditor,1,1
200810,org.eclipse.debug.ui.NoSourceFoundEditor,7,3
200810,org.eclipse.debug.ui.sourcelookup.CommonSourceNotFoundEditor,2919,1167
200810,org.eclipse.dltk.javascript.ui.editor.JavascriptEditor,6,3
200810,org.eclipse.dltk.python.ui.editor.PythonEditor,107,6
200810,org.eclipse.dltk.ruby.ui.editor.RubyEditor,731,38
200810,org.eclipse.dltk.tcl.ui.editor.TclEditor,491,13
200810,org.eclipse.emf.codegen.ecore.genmodel.presentation.GenModelEditorID,575,65
200810,org.eclipse.emf.ecore.presentation.EcoreEditorID,1185,91
200810,org.eclipse.emf.ecore.presentation.ReflectiveEditorID,255,34
200810,org.eclipse.emf.ecore.sdo.presentation.SDOEditorID,2,1
200810,org.eclipse.emf.ecoretools.diagram.part.EcoreDiagramEditorID,281,34
200810,org.eclipse.emf.emfatic.ui.editor.EmfaticEditor,18,2
200810,org.eclipse.emf.examples.extlibrary.presentation.EXTLibraryEditorID,3,1
200810,org.eclipse.emf.mapping.ecore2xml.presentation.Ecore2XMLEditorID,2,1
200810,org.eclipse.emf.mapping.xsd2ecore.presentation.XSD2EcoreEditorID,11,3
200810,org.eclipse.epsilon.dt.exeed.ExeedEditor,6,1
200810,org.eclipse.epsilon.eol.dt.editor.EolEditor,2,1
200810,org.eclipse.epsilon.hutn.dt.editor.HutnEditor,11,1
200810,org.eclipse.exadel.xstudio.ui.texteditors.jspeditor.JSPTextEditor,6,1
200810,org.eclipse.gef.TextEditor,1,1
200810,org.eclipse.gmf.codegen.gmfgen.presentation.GMFGenEditorID,51,6
200810,org.eclipse.gmf.ecore.part.EcoreDiagramEditorID,37,14
200810,org.eclipse.gmf.examples.eclipsecon.library.diagram.part.Library07DiagramEditorID,1,1
200810,org.eclipse.gmf.gmfgraph.presentation.GMFGraphEditorID,3,3
200810,org.eclipse.gmf.mappings.presentation.GMFMapEditorID,450,17
200810,org.eclipse.gmf.tooldef.presentation.GMFToolEditorID,65,14
200810,org.eclipse.gmf.xpand.XpandEditor,29,3
200810,org.eclipse.gmt.gems.dsml.metamodel2.editor,4,1
200810,org.eclipse.hyades.test.ui.editor.TestSuiteEditorPart,27,3
200810,org.eclipse.imp.runtime.impEditor,68,2
200810,org.eclipse.jdt.debug.ui.SnippetEditor,468,103
200810,org.eclipse.jdt.ui.ClassFileEditor,27375,6193
200810,org.eclipse.jdt.ui.CompilationUnitEditor,1104719,29334
200810,org.eclipse.jdt.ui.DefaultTextEditor,10,3
200810,org.eclipse.jdt.ui.JARDescEditor,90,29
200810,org.eclipse.jdt.ui.PropertiesFileEditor,19142,3638
200810,org.eclipse.jet.editor.JETEditor,7,2
200810,org.eclipse.jpt.ui.internal.editors.PersistenceEditor,1254,298
200810,org.eclipse.jst.jsf.facesconfig.ui.FacesConfigEditor,1763,355
200810,org.eclipse.jst.jsp.core.cssjspsource.source,128,6
200810,org.eclipse.jst.jsp.core.jspsource.source,99263,5835
200810,org.eclipse.jst.pagedesigner.PageDesignerEditor,3854,358
200810,org.eclipse.jwt.we.editors.WEEditor,1,1
200810,org.eclipse.laszlo.rct.editor.LaszloMultiPageEditor,4,1
200810,org.eclipse.laszlo.rct.lzx.ui.LaszloEditor,42,1
200810,org.eclipse.linuxtools.changelog.core.editor6,52,2
200810,org.eclipse.m2m.atl.adt.editor.AtlEditor,152,10
200810,org.eclipse.m2m.qvt.oml.editor.ui.QvtEditor,55,7
200810,org.eclipse.m2m.qvt.oml.trace.editor,2,1
200810,org.eclipse.mat.ui.editors.HeapEditor,15,6
200810,org.eclipse.mofscript.editor.MofScriptTextEditor,19,1
200810,org.eclipse.mtj.ui.editor.JadEditor,57,6
200810,org.eclipse.mtj.ui.internal.support.BrowserEditor,1,1
200810,org.eclipse.mtl.ide.ui.editors.template.MTLEditor,13,1
200810,org.eclipse.mylyn.monitor.usage.summary.editor,2,1
200810,org.eclipse.mylyn.tasks.ui.editors.category,3,2
200810,org.eclipse.mylyn.tasks.ui.editors.task,3750,505
200810,org.eclipse.pde.ds.ui.editor,6,1
200810,org.eclipse.pde.ui.buildEditor,1270,384
200810,org.eclipse.pde.ui.compositeCheatSheetEditor,16,1
200810,org.eclipse.pde.ui.ctxHelpEditor,6,4
200810,org.eclipse.pde.ui.featureEditor,297,57
200810,org.eclipse.pde.ui.manifestEditor,5931,720
200810,org.eclipse.pde.ui.productEditor,593,109
200810,org.eclipse.pde.ui.sampleEditor,22,12
200810,org.eclipse.pde.ui.schemaEditor,165,23
200810,org.eclipse.pde.ui.simpleCheatSheetEditor,13,3
200810,org.eclipse.pde.ui.siteEditor,131,20
200810,org.eclipse.pde.ui.targetEditor,26,12
200810,org.eclipse.pde.ui.tocEditor,16,5
200810,org.eclipse.photran.ui.FixedFormFortranEditor,140,9
200810,org.eclipse.photran.ui.FreeFormFortranEditor,440,20
200810,org.eclipse.php.editor,7026,298
200810,org.eclipse.ptp.ui.views.parallelProcessView,10,1
200810,org.eclipse.qt.editor.qmake,2,1
200810,org.eclipse.smarty.editor,36,4
200810,org.eclipse.stp.bpmn.diagram.part.BpmnDiagramEditorID,74,8
200810,org.eclipse.stp.sca.diagram.part.ScaDiagramEditorID,21,5
200810,org.eclipse.stp.sca.presentation.ScaEditorID,31,3
200810,org.eclipse.stp.sca.xmleditor.texteditor,2,1
200810,org.eclipse.tigerstripe.workbench.ui.eclipse.editors.ossj.packageEditor,1,1
200810,org.eclipse.tigerstripe.workbench.ui.instancediagram.diagram.part.InstanceDiagramEditorID,12,1
200810,org.eclipse.tigerstripe.workbench.ui.visualeditor.diagram.part.TigerstripeDiagramEditorID,23,1
200810,org.eclipse.ui.browser.editor,28639,2810
200810,org.eclipse.ui.DefaultTextEditor,50688,7715
200810,org.eclipse.ui.editors.text.DRLEditor,55,1
200810,org.eclipse.ui.editors.text.texeditor,6,1
200810,org.eclipse.ui.examples.templateeditor.editors.TemplateEditor,1,1
200810,org.eclipse.ui.internal.ide.dialogs.WelcomeEditor,4,2
200810,org.eclipse.ui.systemInPlaceEditor,461,197
200810,org.eclipse.uml2.diagram.activity.part.UMLDiagramEditorID,59,17
200810,org.eclipse.uml2.diagram.clazz.part.UMLDiagramEditorID,624,79
200810,org.eclipse.uml2.diagram.component.part.UMLDiagramEditorID,3,2
200810,org.eclipse.uml2.diagram.csd.part.UMLDiagramEditorID,1,1
200810,org.eclipse.uml2.diagram.deploy.part.UMLDiagramEditorID,3,2
200810,org.eclipse.uml2.diagram.profile.part.UMLDiagramEditorID,19,3
200810,org.eclipse.uml2.diagram.statemachine.part.UMLDiagramEditorID,13,6
200810,org.eclipse.uml2.diagram.usecase.part.UMLDiagramEditorID,144,19
200810,org.eclipse.uml2.uml.editor.presentation.UMLEditorID,382,86
200810,org.eclipse.ve.internal.java.codegen.editorpart.JavaVisualEditor,4257,266
200810,org.eclipse.vtp.desktop.editors.core.applicationeditor,38,3
200810,org.eclipse.vtp.desktop.editors.voice.editor.VoiceEditor,3,1
200810,org.eclipse.wst.css.core.csssource.source,8486,1271
200810,org.eclipse.wst.dtd.core.dtdsource.source,581,121
200810,org.eclipse.wst.html.core.htmlsource.source,23254,2513
200810,org.eclipse.wst.javascript.ui.internal.editor.JSMultiPageEditorPart,8,1
200810,org.eclipse.wst.jsdt.ui.ClassFileEditor,129,54
200810,org.eclipse.wst.jsdt.ui.CompilationUnitEditor,16088,1634
200810,org.eclipse.wst.server.ui.editor,2401,804
200810,org.eclipse.wst.sse.ui.StructuredTextEditor,10,4
200810,org.eclipse.wst.wsdl.ui.internal.WSDLEditor,1093,208
200810,org.eclipse.wst.xml.ui.internal.tabletree.XMLMultiPageEditorPart,91423,9748
200810,org.eclipse.wst.xquery.XQueryEditor,14,1
200810,org.eclipse.wst.xsd.ui.internal.editor.InternalXSDMultiPageEditor,3087,431
200810,org.eclipse.wst.xsl.ui.XSLEditor,431,44
200810,org.eclipse.xsd.presentation.XSDEditorID,56,7