view, executeCount200804, userCount200804, executeCount200805, userCount200805, executeCount200806, userCount200806, executeCount200807, userCount200807, executeCount200808, userCount200808, executeCount200809, userCount200809, executeCount200810, userCount200810, executeCount200811, userCount200811, executeCount200812, userCount200812, executeCount200901, userCount200901
org.eclipse.ant.ui.views.AntView, 398, 37, 1039, 60, 962, 65, 17612, 1705, 26384, 2335, 33333, 2914, 44597, 3834, 49526, 4254, 52498, 4487, 52907, 4620
org.eclipse.birt.report.designer.ui.attributes.AttributeView, 76, 5, 69, 11, 122, 15, 3192, 247, 4564, 280, 4927, 303, 5104, 377, 6272, 392, 6285, 411, 7340, 426
org.eclipse.birt.report.designer.ui.lib.explorer.view, 8, 2, 48, 11, 16, 9, 361, 126, 526, 149, 554, 169, 580, 191, 787, 218, 721, 240, 647, 221
org.eclipse.birt.report.designer.ui.views.data.DataView, 98, 3, 182, 14, 185, 18, 3137, 253, 3825, 304, 4527, 325, 5003, 405, 4719, 401, 5333, 440, 5920, 448
org.eclipse.cdt.debug.ui.executablesView, 3, 2, 2, 2, 10, 5, 241, 135, 228, 154, 274, 182, 474, 312, 537, 334, 462, 303, 404, 263
org.eclipse.cdt.debug.ui.ModulesView, 2, 1, 1, 1, 0, 0, 2, 1, 0, 0, 1, 1, 0, 0, 0, 0, 7, 2, 1, 1
org.eclipse.cdt.make.ui.views.MakeView, 37, 8, 220, 34, 439, 28, 7149, 996, 8552, 1170, 8815, 1332, 12996, 2036, 15466, 2077, 15574, 2002, 14444, 1885
org.eclipse.cdt.ui.callHierarchy, 20, 4, 88, 12, 124, 10, 999, 168, 1183, 209, 1182, 243, 1751, 284, 1992, 379, 2300, 412, 2319, 384
org.eclipse.cdt.ui.CView, 255, 11, 617, 25, 654, 27, 10793, 566, 11822, 667, 14422, 807, 23635, 1283, 29669, 1604, 32554, 1708, 32213, 1642
org.eclipse.cdt.ui.includeBrowser, 5, 1, 28, 9, 11, 4, 316, 137, 315, 152, 364, 171, 524, 249, 560, 269, 535, 244, 493, 247
org.eclipse.cdt.ui.IndexView, 17, 2, 9, 4, 2, 2, 108, 36, 121, 31, 154, 35, 186, 46, 224, 42, 253, 34, 112, 30
org.eclipse.cdt.ui.tests.DOMAST.DOMAST, 2, 1, 0, 0, 0, 0, 4, 3, 14, 3, 9, 7, 14, 6, 34, 6, 51, 9, 9, 6
org.eclipse.cdt.ui.typeHierarchy, 2, 1, 21, 6, 15, 6, 247, 85, 248, 87, 224, 95, 373, 121, 408, 141, 334, 143, 453, 150
org.eclipse.contribution.xref.ui.views.XReferenceView, 1, 1, 15, 3, 12, 2, 60, 33, 104, 38, 88, 39, 306, 92, 284, 106, 283, 115, 259, 104
org.eclipse.datatools.connectivity.DataSourceExplorerNavigator, 141, 40, 465, 114, 371, 94, 7162, 2820, 7820, 3175, 8793, 3525, 12472, 4997, 13501, 5216, 12294, 5071, 11908, 4870
org.eclipse.datatools.sqltools.plan.planView, 12, 5, 22, 12, 19, 10, 411, 196, 357, 191, 320, 178, 450, 241, 464, 228, 378, 222, 353, 217
org.eclipse.datatools.sqltools.result.resultView, 68, 13, 340, 26, 200, 24, 2659, 502, 2930, 594, 3044, 610, 4974, 888, 5210, 921, 4260, 870, 4448, 853
org.eclipse.debug.ui.BreakpointView, 250, 76, 839, 170, 703, 159, 7000, 2282, 9032, 2946, 12286, 3919, 17393, 5845, 19880, 6604, 21278, 6980, 20851, 6851
org.eclipse.debug.ui.DebugView, 3024, 196, 6720, 392, 6157, 404, 69036, 7079, 93717, 9700, 123688, 12674, 187832, 18632, 216660, 21722, 230485, 22607, 230109, 22425
org.eclipse.debug.ui.ExpressionView, 102, 28, 282, 71, 253, 72, 4038, 1048, 5493, 1419, 7351, 1837, 10920, 2697, 13051, 3285, 14217, 3460, 13761, 3380
org.eclipse.debug.ui.MemoryView, 4, 2, 10, 3, 17, 6, 371, 146, 322, 135, 387, 151, 646, 276, 909, 308, 722, 286, 712, 250
org.eclipse.debug.ui.RegisterView, 3, 2, 9, 5, 1, 1, 199, 111, 252, 123, 338, 135, 485, 235, 587, 271, 537, 276, 471, 214
org.eclipse.debug.ui.VariableView, 1191, 143, 2863, 296, 2248, 292, 25607, 4673, 34248, 6370, 45236, 8234, 67101, 12161, 77660, 13986, 81560, 14494, 80300, 14296
org.eclipse.dltk.ruby.ui.RubyDocumentationView, 4, 1, 0, 0, 0, 0, 25, 12, 18, 12, 35, 17, 22, 14, 49, 18, 37, 26, 40, 23
org.eclipse.dltk.ui.ScriptExplorer, 32, 2, 11, 3, 72, 6, 444, 60, 687, 66, 952, 84, 1248, 107, 1532, 135, 1467, 137, 1856, 124
org.eclipse.ecf.example.collab.discoveryview, 1, 1, 8, 4, 19, 6, 218, 94, 89, 37, 70, 31, 77, 32, 62, 22, 39, 19, 37, 17
org.eclipse.ecf.presence.ui.chatroom.ChatRoomManagerView, 30, 5, 29, 3, 14, 5, 207, 47, 67, 17, 53, 15, 66, 19, 37, 14, 31, 14, 36, 14
org.eclipse.ecf.presence.ui.MessagesView, 1, 1, 22, 3, 10, 1, 611, 81, 144, 36, 144, 30, 161, 25, 170, 31, 131, 22, 170, 23
org.eclipse.eclipsemonkey.views.ScriptsView, 2, 1, 0, 0, 0, 0, 65, 25, 30, 20, 66, 32, 56, 34, 96, 52, 52, 30, 131, 46
org.eclipse.emf.ecoretools.internal.views.EClassHierarchyView, 2, 1, 1, 1, 6, 3, 41, 21, 15, 11, 15, 8, 58, 22, 44, 26, 30, 16, 30, 12
org.eclipse.emf.ecoretools.internal.views.EReferencesView, 1, 1, 2, 2, 9, 3, 35, 18, 17, 12, 7, 5, 50, 21, 25, 18, 17, 11, 22, 10
org.eclipse.gef.ui.palette_view, 5, 4, 48, 13, 100, 18, 1506, 302, 1763, 332, 1984, 385, 2364, 489, 2639, 489, 2803, 558, 2908, 539
org.eclipse.gmf.bridge.ui.dashboard.DashboardPart, 7, 2, 26, 3, 7, 3, 371, 45, 126, 31, 217, 32, 396, 51, 459, 63, 486, 74, 466, 69
org.eclipse.help.ui.HelpView, 41, 19, 116, 59, 119, 57, 2414, 1234, 3085, 1513, 4087, 2090, 6601, 3249, 7502, 3605, 7382, 3465, 7268, 3413
org.eclipse.hyades.log.ui.internal.navigator.LogNavigator, 2, 1, 0, 0, 3, 2, 30, 15, 27, 15, 14, 8, 35, 25, 32, 20, 25, 16, 32, 19
org.eclipse.hyades.trace.internal.ui.PDProjectExplorer, 61, 6, 80, 8, 48, 5, 856, 113, 983, 91, 429, 75, 943, 116, 813, 125, 709, 105, 765, 127
org.eclipse.hyades.trace.views.adapter.internal.CoverageStatisticViewer, 3, 2, 1, 1, 0, 0, 28, 9, 42, 16, 6, 4, 3, 3, 20, 9, 13, 5, 35, 8
org.eclipse.hyades.trace.views.adapter.internal.ExecutionStatisticViewer2, 53, 4, 84, 6, 26, 3, 534, 69, 556, 54, 228, 38, 422, 71, 523, 71, 346, 69, 375, 66
org.eclipse.hyades.trace.views.adapter.internal.MemoryStatisticViewer, 4, 2, 3, 2, 7, 1, 50, 13, 97, 17, 32, 11, 55, 16, 39, 11, 61, 16, 83, 21
org.eclipse.hyades.trace.views.adapter.internal.PatternViewer, 10, 1, 20, 2, 17, 1, 70, 28, 79, 24, 12, 8, 62, 26, 73, 19, 50, 15, 57, 21
org.eclipse.hyades.trace.views.adapter.internal.ReferenceTableViewer, 3, 2, 0, 0, 0, 0, 29, 11, 55, 15, 9, 5, 30, 8, 23, 6, 23, 10, 36, 11
org.eclipse.hyades.uml2sd.trace.view.TraceSDView, 3, 1, 2, 1, 0, 0, 27, 5, 59, 12, 2, 2, 59, 16, 37, 12, 33, 9, 29, 7
org.eclipse.jdt.callhierarchy.view, 432, 56, 1115, 129, 969, 103, 9704, 1501, 12852, 1926, 16661, 2453, 22834, 3273, 24714, 3683, 27812, 4121, 27967, 4127
org.eclipse.jdt.debug.ui.DisplayView, 34, 7, 87, 15, 100, 18, 635, 199, 936, 270, 1021, 321, 1444, 421, 1981, 531, 1811, 521, 1846, 523
org.eclipse.jdt.junit.ResultView, 1511, 95, 3045, 177, 2686, 155, 34838, 2897, 44102, 3726, 58068, 4867, 88473, 6642, 94720, 7421, 92945, 7499, 92568, 7537
org.eclipse.jdt.ui.JavadocView, 110, 53, 336, 123, 242, 105, 5356, 2834, 6603, 3448, 10771, 5595, 16972, 8892, 18151, 9375, 16296, 8660, 15529, 8237
org.eclipse.jdt.ui.MembersView, 266, 7, 269, 17, 145, 9, 1200, 202, 1320, 279, 1855, 394, 2320, 541, 2757, 632, 2602, 641, 3220, 639
org.eclipse.jdt.ui.PackageExplorer, 15571, 525, 39923, 1100, 34251, 994, 471471, 21073, 634391, 27447, 862361, 39415, 1362379, 59165, 1585664, 67492, 1607210, 68392, 1549127, 67608
org.eclipse.jdt.ui.PackagesView, 105, 9, 401, 26, 143, 16, 1706, 297, 2114, 384, 2693, 532, 3595, 770, 4141, 863, 3992, 839, 4369, 869
org.eclipse.jdt.ui.ProjectsView, 83, 7, 473, 32, 163, 19, 1999, 480, 2386, 597, 3322, 939, 4847, 1387, 5160, 1474, 4671, 1383, 4951, 1432
org.eclipse.jdt.ui.SourceView, 46, 27, 158, 93, 146, 86, 3933, 2286, 4923, 2876, 8344, 4847, 13596, 7857, 14845, 8291, 13031, 7599, 12183, 7197
org.eclipse.jdt.ui.TypeHierarchy, 514, 118, 1053, 226, 788, 221, 11121, 3913, 13639, 5030, 18709, 7359, 26884, 11374, 29344, 12362, 28998, 11710, 28758, 11705
org.eclipse.jdt.ui.TypesView, 348, 11, 534, 26, 252, 15, 2729, 277, 3274, 361, 4329, 519, 5258, 718, 6189, 826, 5787, 803, 6540, 824
org.eclipse.jpt.ui.jpaDetailsView, 12, 3, 82, 12, 24, 9, 545, 127, 581, 130, 474, 106, 725, 147, 699, 177, 849, 148, 785, 148
org.eclipse.jpt.ui.jpaStructureView, 7, 4, 31, 8, 7, 5, 364, 110, 476, 117, 314, 99, 424, 126, 453, 148, 774, 131, 555, 120
org.eclipse.jst.jsf.ui.component.ComponentTreeView, 3, 2, 3, 2, 0, 0, 73, 34, 98, 47, 124, 39, 100, 50, 83, 41, 112, 58, 73, 38
org.eclipse.m2m.internal.qvt.oml.common.views.MetamodelBrowserView, 2, 1, 3, 3, 8, 2, 6, 2, 0, 0, 2, 2, 5, 5, 0, 0, 17, 4, 2, 2
org.eclipse.mylyn.tasks.ui.views.repositories, 33, 20, 149, 73, 103, 44, 2217, 1135, 2148, 1105, 2459, 1243, 3215, 1722, 3307, 1799, 3566, 1790, 3485, 1843
org.eclipse.mylyn.tasks.ui.views.tasks, 422, 98, 1614, 273, 1206, 237, 14066, 4428, 15580, 5078, 19539, 7002, 26477, 10311, 27424, 11206, 26221, 10601, 25142, 10103
org.eclipse.pde.runtime.LogView, 146, 50, 318, 116, 374, 103, 3112, 1141, 3100, 1121, 3275, 1226, 4942, 1708, 5310, 1843, 5224, 1838, 5860, 1891
org.eclipse.pde.runtime.RegistryBrowser, 4, 2, 9, 5, 13, 6, 65, 36, 25, 14, 33, 19, 47, 27, 65, 29, 44, 27, 65, 31
org.eclipse.pde.ui.DependenciesView, 12, 7, 65, 13, 26, 12, 183, 90, 182, 66, 194, 75, 276, 103, 311, 124, 256, 121, 275, 120
org.eclipse.pde.ui.PluginsView, 32, 16, 56, 31, 90, 35, 530, 230, 409, 199, 467, 219, 647, 292, 730, 349, 805, 326, 618, 300
org.eclipse.pde.visualization.views.SampleView, 3, 2, 2, 1, 0, 0, 0, 0, 3, 1, 0, 0, 6, 2, 11, 2, 8, 3, 22, 5
org.eclipse.php.ui.explorer, 150, 4, 269, 9, 115, 6, 3142, 261, 4880, 334, 5247, 392, 6600, 513, 7219, 517, 11148, 785, 18565, 1117
org.eclipse.php.ui.functions, 1, 1, 16, 4, 1, 1, 143, 70, 152, 80, 166, 89, 219, 122, 162, 87, 189, 100, 229, 124
org.eclipse.php.ui.projectOutline, 1, 1, 5, 4, 2, 1, 247, 77, 318, 97, 300, 101, 430, 149, 250, 109, 229, 102, 312, 129
org.eclipse.ptp.debug.ui.views.ArrayView, 1, 1, 0, 0, 0, 0, 0, 0, 0, 0, 1, 1, 0, 0, 0, 0, 0, 0, 1, 1
org.eclipse.ptp.debug.ui.views.parallelDebugView, 1, 1, 0, 0, 0, 0, 0, 0, 1, 1, 5, 1, 5, 1, 0, 0, 1, 1, 3, 2
org.eclipse.ptp.debug.ui.views.PVariableView, 1, 1, 0, 0, 0, 0, 0, 0, 0, 0, 1, 1, 0, 0, 0, 0, 0, 0, 1, 1
org.eclipse.ptp.debug.ui.views.SignalsView, 1, 1, 0, 0, 0, 0, 0, 0, 0, 0, 1, 1, 0, 0, 0, 0, 1, 1, 2, 1
org.eclipse.rse.ui.view.systemTableView, 1, 1, 8, 6, 15, 4, 376, 150, 231, 102, 212, 93, 302, 116, 354, 118, 277, 106, 236, 97
org.eclipse.rse.ui.view.systemView, 2, 2, 54, 9, 101, 11, 2239, 292, 2674, 282, 3188, 258, 3930, 345, 4758, 384, 6131, 403, 4611, 444
org.eclipse.search.ui.views.SearchView, 2720, 220, 7258, 467, 6596, 435, 71552, 7514, 93497, 9997, 119861, 12535, 168567, 16643, 185206, 18992, 208236, 20717, 216749, 21749
org.eclipse.swt.examples.controls.view, 3, 1, 0, 0, 0, 0, 25, 8, 56, 16, 49, 12, 33, 14, 51, 19, 44, 12, 41, 23
org.eclipse.swt.examples.customcontrols.view, 2, 1, 0, 0, 0, 0, 7, 5, 14, 7, 13, 9, 13, 8, 24, 9, 27, 4, 15, 7
org.eclipse.team.ccvs.ui.RepositoriesView, 163, 51, 351, 101, 295, 93, 3620, 1294, 4377, 1568, 5658, 1961, 8954, 2748, 9161, 2850, 8802, 2882, 8936, 2990
org.eclipse.team.svn.ui.annotate.AnnotateView, 1, 1, 4, 1, 1, 1, 2, 2, 0, 0, 0, 0, 0, 0, 1, 1, 0, 0, 0, 0
org.eclipse.team.svn.ui.properties.PropertiesView, 5, 5, 14, 10, 22, 14, 491, 283, 506, 283, 658, 351, 811, 456, 885, 498, 903, 497, 1038, 517
org.eclipse.team.svn.ui.repository.browser.RepositoryBrowser, 9, 7, 31, 16, 34, 19, 712, 390, 602, 337, 796, 405, 986, 522, 1115, 551, 951, 558, 1034, 538
org.eclipse.team.svn.ui.repository.RepositoriesView, 115, 30, 154, 57, 218, 64, 3852, 1206, 3853, 1225, 4750, 1463, 6477, 1944, 7260, 2082, 7151, 2113, 7716, 2117
org.eclipse.team.sync.views.SynchronizeView, 2034, 138, 4774, 287, 4485, 276, 47082, 4830, 61125, 6231, 76389, 7735, 106457, 10350, 121643, 11896, 132070, 12815, 138161, 13318
org.eclipse.team.ui.GenericHistoryView, 553, 116, 1594, 273, 1257, 237, 15180, 3877, 20021, 4901, 24153, 5948, 33508, 8197, 38267, 9240, 41819, 9766, 43005, 10032
org.eclipse.tptp.platform.analysis.core.ui.views.ResultsFrameView, 5, 1, 23, 4, 0, 0, 2, 1, 36, 3, 1, 1, 3, 3, 1, 1, 1, 1, 0, 0
org.eclipse.tptp.platform.log.views.internal.views.LogViewer, 2, 1, 1, 1, 0, 0, 13, 6, 31, 7, 9, 3, 7, 4, 17, 5, 12, 5, 4, 3
org.eclipse.tptp.trace.jvmti.internal.client.views.MemoryAnalysisViewer, 4, 1, 14, 2, 4, 2, 183, 25, 284, 36, 61, 23, 242, 30, 164, 28, 174, 34, 107, 24
org.eclipse.tptp.trace.jvmti.internal.client.views.ThreadAnalysisViewer, 4, 1, 0, 0, 0, 0, 85, 13, 115, 15, 24, 8, 75, 12, 33, 11, 58, 12, 50, 15
org.eclipse.ui.browser.view, 25, 5, 13, 4, 18, 7, 449, 89, 1471, 129, 1284, 115, 1533, 172, 1511, 172, 2246, 204, 1743, 211
org.eclipse.ui.cheatsheets.views.CheatSheetView, 6, 4, 37, 17, 25, 9, 901, 282, 901, 289, 1001, 322, 1433, 471, 1587, 467, 1386, 467, 1521, 486
org.eclipse.ui.console.ConsoleView, 8196, 465, 20711, 992, 19765, 933, 301007, 21982, 429159, 29666, 593153, 41728, 961288, 62094, 1133908, 72099, 1164256, 73690, 1085883, 72646
org.eclipse.ui.internal.introview, 51, 22, 215, 87, 176, 72, 5592, 2516, 6445, 2755, 9870, 4125, 15189, 6527, 14861, 6542, 13163, 6094, 13804, 6147
org.eclipse.ui.navigator.ProjectExplorer, 5531, 267, 17032, 637, 14052, 582, 261294, 16126, 365132, 21033, 449192, 26162, 672962, 37336, 754115, 41241, 792581, 41555, 759631, 41383
org.eclipse.ui.texteditor.TemplatesView, 1, 1, 13, 5, 11, 5, 139, 63, 220, 65, 147, 58, 256, 126, 244, 126, 227, 113, 282, 109
org.eclipse.ui.views.AllMarkersView, 1, 1, 3, 2, 8, 1, 113, 40, 180, 32, 116, 38, 118, 33, 189, 36, 156, 35, 258, 33
org.eclipse.ui.views.BookmarkView, 2, 2, 46, 8, 22, 8, 394, 152, 800, 242, 665, 276, 1079, 358, 1350, 418, 1439, 443, 1441, 429
org.eclipse.ui.views.ContentOutline, 2459, 309, 6745, 746, 4831, 663, 75144, 13770, 97393, 17419, 120449, 22812, 178063, 33279, 199750, 37237, 207930, 37788, 210448, 37105
org.eclipse.ui.views.ProblemView, 2013, 338, 5062, 781, 4290, 691, 75743, 16270, 89836, 20155, 112340, 26546, 169422, 38990, 179455, 41989, 175175, 40755, 173568, 40088
org.eclipse.ui.views.ProblemView.old, 4, 2, 0, 0, 0, 0, 0, 0, 0, 0, 0, 0, 0, 0, 0, 0, 0, 0, 0, 0
org.eclipse.ui.views.ProgressView, 341, 119, 776, 257, 737, 253, 13058, 4855, 14332, 5567, 16954, 6487, 23774, 9261, 25398, 9998, 26484, 10172, 23897, 9630
org.eclipse.ui.views.PropertySheet, 196, 58, 1128, 183, 1147, 161, 14240, 3754, 16876, 4352, 19111, 5297, 31942, 8336, 37427, 9033, 36482, 8942, 37889, 8811
org.eclipse.ui.views.ResourceNavigator, 1886, 91, 5002, 223, 3828, 213, 67691, 4599, 98088, 6023, 126797, 7570, 182143, 10623, 218286, 12365, 236454, 12891, 240768, 13130
org.eclipse.ui.views.TaskList, 121, 60, 431, 169, 315, 126, 7972, 3797, 8753, 4264, 10744, 5117, 16627, 8036, 17285, 8467, 16707, 8139, 16207, 7859
org.eclipse.ve.internal.java.codegen.editorpart.BeansList, 22, 11, 115, 7, 89, 5, 959, 131, 1506, 225, 1895, 289, 3189, 475, 4409, 587, 4692, 587, 4582, 588
org.eclipse.wst.common.snippets.internal.ui.SnippetsView, 45, 23, 98, 67, 68, 43, 2672, 1707, 3032, 1870, 3660, 2164, 5051, 3060, 5191, 3232, 5254, 3221, 4895, 3010
org.eclipse.wst.internet.monitor.view, 2, 1, 30, 6, 54, 4, 285, 80, 437, 142, 448, 142, 594, 163, 766, 225, 743, 207, 803, 213
org.eclipse.wst.jsdt.ui.JavadocView, 3, 1, 4, 3, 0, 0, 71, 42, 84, 52, 62, 38, 164, 82, 85, 57, 117, 70, 113, 61
org.eclipse.wst.jsdt.ui.PackageExplorer, 47, 5, 130, 16, 57, 10, 1274, 251, 1245, 255, 1587, 242, 2363, 387, 2189, 397, 2122, 392, 2132, 373
org.eclipse.wst.jsdt.ui.TypeHierarchy, 5, 2, 4, 2, 1, 1, 80, 47, 65, 38, 81, 60, 122, 84, 123, 83, 126, 81, 90, 64
org.eclipse.wst.server.ui.ServersView, 2253, 141, 6020, 313, 4801, 261, 91191, 7537, 124810, 10024, 158800, 12168, 226830, 16636, 258096, 18736, 280148, 19596, 263461, 19248
org.eclipse.birt.chart.examples.view.examplesview, 0, 0, 4, 1, 0, 0, 20, 7, 11, 5, 23, 9, 21, 5, 27, 10, 9, 5, 10, 2
org.eclipse.cdt.debug.ui.DisassemblyView, 0, 0, 5, 3, 5, 3, 290, 123, 358, 154, 471, 166, 894, 296, 1348, 353, 750, 272, 820, 281
org.eclipse.cdt.debug.ui.SignalsView, 0, 0, 3, 2, 0, 0, 8, 5, 6, 3, 25, 15, 33, 14, 27, 11, 12, 9, 25, 14
org.eclipse.contribution.visualiser.views.Menu, 0, 0, 3, 1, 0, 0, 29, 20, 33, 17, 28, 16, 78, 37, 65, 33, 71, 37, 73, 35
org.eclipse.contribution.visualiser.views.Visualiser, 0, 0, 6, 1, 0, 0, 30, 11, 65, 11, 42, 11, 128, 27, 72, 25, 86, 24, 75, 26
org.eclipse.debug.ui.ModuleView, 0, 0, 5, 4, 2, 2, 143, 91, 140, 98, 152, 110, 258, 180, 336, 221, 326, 208, 253, 147
org.eclipse.debug.ui.PHPBrowserOutput, 0, 0, 6, 2, 0, 0, 47, 18, 81, 34, 69, 26, 130, 51, 136, 51, 191, 81, 271, 98
org.eclipse.debug.ui.PHPDebugOutput, 0, 0, 5, 2, 0, 0, 154, 47, 206, 60, 242, 65, 319, 108, 333, 94, 460, 162, 848, 251
org.eclipse.ecf.internal.example.collab.ui.LineChatView, 0, 0, 41, 3, 17, 5, 467, 131, 146, 43, 132, 43, 182, 46, 186, 33, 118, 29, 74, 20
org.eclipse.ecf.presence.ui.MultiRosterView, 0, 0, 25, 3, 21, 4, 759, 136, 200, 52, 201, 43, 207, 41, 184, 33, 134, 27, 150, 37
org.eclipse.emf.cdo.CDOSessionsView, 0, 0, 3, 1, 0, 0, 33, 16, 22, 16, 25, 18, 51, 31, 47, 31, 39, 30, 41, 25
org.eclipse.hyades.logging.adapter.ui.internal.views.contentview, 0, 0, 5, 1, 0, 0, 2, 1, 1, 1, 0, 0, 4, 2, 9, 1, 0, 0, 0, 0
org.eclipse.hyades.logging.adapter.ui.internal.views.logview, 0, 0, 23, 1, 0, 0, 1, 1, 1, 1, 0, 0, 5, 1, 76, 3, 0, 0, 0, 0
org.eclipse.hyades.logging.adapter.ui.internal.views.resultview, 0, 0, 6, 1, 0, 0, 3, 2, 0, 0, 0, 0, 3, 1, 2, 1, 2, 2, 0, 0
org.eclipse.images.views.ImageView, 0, 0, 14, 1, 1, 1, 3, 1, 0, 0, 12, 2, 12, 1, 4, 2, 4, 3, 1, 1
org.eclipse.mat.ui.views.InspectorView, 0, 0, 3, 2, 0, 0, 30, 11, 25, 10, 14, 5, 19, 8, 66, 16, 73, 19, 80, 20
org.eclipse.mat.ui.views.SnapshotHistoryView, 0, 0, 1, 1, 0, 0, 0, 0, 2, 1, 0, 0, 0, 0, 3, 2, 3, 2, 1, 1
org.eclipse.rse.shells.ui.view.commandsView, 0, 0, 8, 4, 27, 3, 490, 119, 480, 75, 309, 55, 609, 71, 620, 98, 845, 77, 661, 88
org.eclipse.rse.terminals.ui.view.TerminalView, 0, 0, 6, 1, 5, 1, 600, 106, 633, 72, 701, 73, 753, 94, 1209, 113, 1622, 109, 1385, 110
org.eclipse.rse.ui.view.scratchpad.SystemScratchpadViewPart, 0, 0, 2, 2, 4, 2, 79, 58, 76, 43, 85, 31, 78, 53, 93, 50, 95, 60, 72, 52
org.eclipse.rse.ui.view.teamView, 0, 0, 5, 4, 6, 1, 83, 55, 87, 53, 71, 36, 94, 65, 102, 57, 109, 66, 103, 55
org.eclipse.swt.win32.extension.examples.view, 0, 0, 2, 1, 2, 1, 0, 0, 0, 0, 1, 1, 0, 0, 0, 0, 0, 0, 0, 0
org.eclipse.team.ccvs.ui.EditorsView, 0, 0, 2, 2, 1, 1, 70, 49, 82, 40, 127, 72, 136, 85, 137, 85, 179, 91, 158, 79
org.eclipse.ve.internal.java.codegen.editorpart.XMLViewPart, 0, 0, 3, 1, 0, 0, 44, 21, 36, 28, 34, 21, 91, 51, 90, 58, 77, 52, 98, 68
org.eclipse.wst.jsdt.ui.SourceView, 0, 0, 3, 2, 0, 0, 58, 41, 65, 40, 59, 38, 139, 74, 96, 60, 98, 61, 86, 50
org.eclipse.wst.xml.views.XPathView, 0, 0, 6, 2, 0, 0, 24, 13, 29, 12, 60, 18, 33, 16, 62, 16, 25, 10, 54, 14
org.eclipse.wst.xml.xpath.ui.views.XPathNavigator, 0, 0, 1, 1, 0, 0, 15, 2, 8, 4, 2, 2, 4, 3, 0, 0, 0, 0, 11, 2
org.eclipse.ajdt.ui.diff.ChangesView, 0, 0, 0, 0, 1, 1, 2, 2, 6, 3, 4, 3, 27, 18, 10, 7, 20, 11, 13, 7
org.eclipse.ajdt.ui.EventTraceView, 0, 0, 0, 0, 2, 1, 3, 2, 2, 2, 0, 0, 20, 10, 3, 2, 20, 8, 16, 7
org.eclipse.buckminster.ui.views.ComponentBrowserView, 0, 0, 0, 0, 1, 1, 74, 42, 62, 39, 79, 52, 92, 57, 89, 53, 64, 50, 56, 36
org.eclipse.buckminster.ui.views.ComponentOutlineView, 0, 0, 0, 0, 3, 1, 39, 27, 52, 38, 59, 41, 50, 38, 54, 39, 56, 35, 41, 29
org.eclipse.dd.ipxact.editor.ui.views.LibraryView, 0, 0, 0, 0, 14, 1, 0, 0, 1, 1, 0, 0, 0, 0, 0, 0, 0, 0, 2, 1
org.eclipse.dd.ipxact.editor.ui.views.ReferencesView, 0, 0, 0, 0, 2, 1, 0, 0, 4, 1, 0, 0, 0, 0, 0, 0, 0, 0, 1, 1
org.eclipse.dltk.ui.TypeHierarchy, 0, 0, 0, 0, 1, 1, 18, 11, 14, 8, 22, 8, 23, 11, 24, 11, 92, 44, 174, 104
org.eclipse.epf.authoring.ui.views.LibraryView, 0, 0, 0, 0, 3, 1, 14, 1, 0, 0, 0, 0, 0, 0, 0, 0, 0, 0, 0, 0
org.eclipse.net4j.util.Net4jContainerView, 0, 0, 0, 0, 1, 1, 0, 0, 0, 0, 0, 0, 0, 0, 0, 0, 0, 0, 1, 1
org.eclipse.p2.ui.admin.ArtifactRepositoriesView, 0, 0, 0, 0, 2, 1, 0, 0, 1, 1, 5, 1, 2, 1, 0, 0, 0, 0, 1, 1
org.eclipse.p2.ui.admin.MetadataRepositoriesView, 0, 0, 0, 0, 2, 1, 0, 0, 1, 1, 4, 1, 4, 1, 0, 0, 1, 1, 5, 3
org.eclipse.rse.ui.view.monitorView, 0, 0, 0, 0, 12, 4, 113, 54, 72, 35, 55, 23, 74, 34, 102, 44, 73, 32, 78, 36
org.eclipse.rse.ui.view.SystemSearchView, 0, 0, 0, 0, 9, 1, 109, 38, 153, 51, 223, 64, 320, 83, 429, 90, 415, 124, 419, 110
org.eclipse.stp.sc.common.views.AnnotationView, 0, 0, 0, 0, 2, 1, 6, 4, 26, 6, 3, 2, 26, 10, 24, 11, 2, 1, 5, 3
org.eclipse.swt.nebula.examples.view, 0, 0, 0, 0, 9, 1, 2, 2, 2, 1, 0, 0, 3, 1, 6, 1, 1, 1, 0, 0
org.eclipse.swt.spy.views.SwtSpyView, 0, 0, 0, 0, 1, 1, 0, 0, 5, 1, 0, 0, 3, 1, 1, 1, 1, 1, 0, 0
org.eclipse.tptp.trace.jvmti.internal.client.views.CallStackViewer, 0, 0, 0, 0, 1, 1, 21, 7, 59, 9, 11, 4, 38, 5, 9, 4, 25, 3, 15, 5
org.eclipse.ui.forms.examples.views.FormView, 0, 0, 0, 0, 9, 1, 0, 0, 0, 0, 8, 1, 0, 0, 1, 1, 0, 0, 0, 0
org.eclipse.atf.mozilla.ide.debug.ui.scriptview, 0, 0, 0, 0, 0, 0, 13, 2, 0, 0, 0, 0, 1, 1, 2, 1, 0, 0, 0, 0
org.eclipse.atf.mozilla.ide.ui.views.console, 0, 0, 0, 0, 0, 0, 6, 3, 2, 1, 1, 1, 35, 8, 20, 6, 2, 1, 1, 1
org.eclipse.atf.mozilla.ide.ui.views.css, 0, 0, 0, 0, 0, 0, 8, 1, 0, 0, 1, 1, 5, 4, 1, 1, 1, 1, 4, 2
org.eclipse.atf.mozilla.ide.ui.views.domsource, 0, 0, 0, 0, 0, 0, 11, 2, 0, 0, 0, 0, 12, 5, 3, 2, 1, 1, 4, 4
org.eclipse.atf.mozilla.ide.ui.views.domwatcher, 0, 0, 0, 0, 0, 0, 1, 1, 0, 0, 0, 0, 8, 2, 4, 2, 0, 0, 2, 2
org.eclipse.atf.mozilla.ide.ui.views.inspector, 0, 0, 0, 0, 0, 0, 31, 4, 3, 2, 1, 1, 20, 6, 4, 2, 3, 2, 11, 5
org.eclipse.atf.mozilla.ide.ui.views.jseval, 0, 0, 0, 0, 0, 0, 3, 2, 0, 0, 0, 0, 18, 4, 1, 1, 2, 1, 4, 3
org.eclipse.birt.report.examples.view.examplesview, 0, 0, 0, 0, 0, 0, 30, 7, 10, 5, 41, 11, 41, 12, 33, 10, 50, 14, 20, 8
org.eclipse.contribution.spider.navigator.SpiderNavigatorView, 0, 0, 0, 0, 0, 0, 5, 1, 0, 0, 0, 0, 0, 0, 3, 1, 0, 0, 0, 0
org.eclipse.contribution.spider.view, 0, 0, 0, 0, 0, 0, 4, 1, 0, 0, 0, 0, 0, 0, 4, 1, 0, 0, 0, 0
org.eclipse.dd.dsf.debug.ui.disassembly.view, 0, 0, 0, 0, 0, 0, 4, 2, 0, 0, 1, 1, 0, 0, 0, 0, 3, 1, 1, 1
org.eclipse.debug.expressionview, 0, 0, 0, 0, 0, 0, 10, 4, 12, 7, 21, 6, 46, 14, 31, 6, 18, 8, 34, 8
org.eclipse.debug.ui.PHPStackView, 0, 0, 0, 0, 0, 0, 2, 2, 4, 3, 7, 3, 9, 2, 2, 2, 5, 3, 6, 3
org.eclipse.dltk.callhierarchy.view, 0, 0, 0, 0, 0, 0, 8, 4, 14, 6, 9, 6, 19, 7, 17, 9, 16, 8, 25, 14
org.eclipse.dltk.debug.ui.dbgpLogView, 0, 0, 0, 0, 0, 0, 5, 2, 29, 2, 0, 0, 0, 0, 0, 0, 0, 0, 33, 3
org.eclipse.dltk.ruby.ui.extbrowsing, 0, 0, 0, 0, 0, 0, 1, 1, 10, 5, 13, 5, 8, 3, 8, 3, 2, 2, 5, 4
org.eclipse.dltk.ruby.ui.Members, 0, 0, 0, 0, 0, 0, 1, 1, 2, 1, 9, 4, 2, 2, 1, 1, 0, 0, 4, 3
org.eclipse.dltk.ruby.ui.Projects, 0, 0, 0, 0, 0, 0, 8, 4, 12, 7, 16, 8, 9, 4, 11, 6, 8, 5, 17, 8
org.eclipse.dltk.testing.ResultView, 0, 0, 0, 0, 0, 0, 2, 1, 17, 2, 1, 1, 0, 0, 2, 1, 14, 2, 0, 0
org.eclipse.ecf.filetransfer.ui.FileTransfersView, 0, 0, 0, 0, 0, 0, 22, 9, 2, 2, 5, 5, 3, 3, 5, 4, 4, 2, 7, 5
org.eclipse.eclipsemonkey.views.ScriptsInfoView, 0, 0, 0, 0, 0, 0, 1, 1, 5, 1, 0, 0, 0, 0, 1, 1, 2, 1, 2, 2
org.eclipse.epf.authoring.ui.views.ConfigurationView, 0, 0, 0, 0, 0, 0, 3, 2, 0, 0, 0, 0, 0, 0, 0, 0, 0, 0, 0, 0
org.eclipse.externaltools.views.CommitHistoryView, 0, 0, 0, 0, 0, 0, 1, 1, 0, 0, 1, 1, 10, 1, 2, 1, 0, 0, 10, 3
org.eclipse.hyades.execution.recorder.ui.views.RecorderControlView, 0, 0, 0, 0, 0, 0, 25, 4, 9, 2, 52, 4, 14, 2, 18, 1, 3, 2, 12, 6
org.eclipse.hyades.sd.logc.LogInteractionsView, 0, 0, 0, 0, 0, 0, 1, 1, 4, 1, 1, 1, 0, 0, 0, 0, 5, 2, 1, 1
org.eclipse.hyades.test.ui.TestNavigator, 0, 0, 0, 0, 0, 0, 41, 11, 19, 9, 24, 11, 15, 6, 57, 11, 15, 7, 37, 12
org.eclipse.jdt.astview.views.ASTView, 0, 0, 0, 0, 0, 0, 16, 3, 14, 4, 22, 2, 30, 2, 13, 4, 49, 8, 47, 6
org.eclipse.jst.jsf.ui.tagregistry.TagRegistryView, 0, 0, 0, 0, 0, 0, 22, 11, 40, 16, 36, 11, 39, 22, 19, 13, 42, 24, 25, 13
org.eclipse.mat.ui.views.NavigatorView, 0, 0, 0, 0, 0, 0, 2, 2, 0, 0, 1, 1, 0, 0, 5, 3, 14, 5, 4, 4
org.eclipse.mat.ui.views.SnapshotDetailsView, 0, 0, 0, 0, 0, 0, 5, 1, 2, 1, 1, 1, 0, 0, 13, 5, 2, 1, 6, 2
org.eclipse.mat.ui.views.TextEditorView, 0, 0, 0, 0, 0, 0, 7, 3, 0, 0, 0, 0, 2, 2, 3, 1, 5, 3, 12, 7
org.eclipse.net4j.BuddiesView, 0, 0, 0, 0, 0, 0, 9, 9, 9, 8, 14, 11, 16, 11, 14, 12, 20, 18, 29, 18
org.eclipse.photran.ui.FortranView, 0, 0, 0, 0, 0, 0, 14, 4, 171, 14, 334, 31, 783, 68, 891, 68, 978, 84, 690, 57
org.eclipse.ptp.remotetools.environment.ui.views.RemoteEnvironmentsView, 0, 0, 0, 0, 0, 0, 1, 1, 0, 0, 0, 0, 1, 1, 4, 2, 0, 0, 2, 2
org.eclipse.ptp.ui.views.parallelJobsView, 0, 0, 0, 0, 0, 0, 31, 1, 4, 2, 3, 1, 1, 1, 5, 3, 20, 4, 0, 0
org.eclipse.ptp.ui.views.resourceManagerView, 0, 0, 0, 0, 0, 0, 8, 2, 9, 2, 9, 2, 7, 4, 22, 6, 9, 4, 1, 1
org.eclipse.rse.discovery.view.MultipleView, 0, 0, 0, 0, 0, 0, 8, 1, 0, 0, 14, 1, 0, 0, 0, 0, 2, 2, 0, 0
org.eclipse.search.SearchResultView, 0, 0, 0, 0, 0, 0, 13, 3, 4, 2, 12, 8, 24, 14, 12, 11, 44, 15, 39, 15
org.eclipse.swt.examples.browser.demos.views.BrowserDemoView, 0, 0, 0, 0, 0, 0, 4, 2, 10, 5, 4, 3, 11, 7, 8, 7, 7, 3, 18, 10
org.eclipse.swt.examples.browserexample.view, 0, 0, 0, 0, 0, 0, 2, 2, 7, 7, 4, 3, 3, 3, 6, 3, 8, 2, 3, 2
org.eclipse.swt.examples.launcher.view, 0, 0, 0, 0, 0, 0, 26, 4, 34, 10, 32, 10, 54, 18, 33, 10, 29, 11, 41, 16
org.eclipse.swt.examples.layouts.view, 0, 0, 0, 0, 0, 0, 11, 4, 14, 8, 8, 4, 13, 10, 24, 10, 27, 8, 43, 13
org.eclipse.swt.examples.paint.view, 0, 0, 0, 0, 0, 0, 3, 2, 9, 4, 10, 5, 6, 4, 4, 4, 4, 2, 10, 5
org.eclipse.swt.sleak.views.SleakView, 0, 0, 0, 0, 0, 0, 13, 1, 6, 3, 2, 1, 5, 1, 5, 1, 3, 2, 0, 0
org.eclipse.target.ui.SiteExplorerView, 0, 0, 0, 0, 0, 0, 11, 2, 14, 3, 29, 6, 5, 2, 23, 9, 20, 7, 12, 5
org.eclipse.team.ccvs.ui.AnnotateView, 0, 0, 0, 0, 0, 0, 3, 2, 1, 1, 8, 3, 0, 0, 1, 1, 0, 0, 0, 0
org.eclipse.team.svn.ui.properties.RevPropertiesView, 0, 0, 0, 0, 0, 0, 23, 14, 16, 6, 50, 25, 44, 23, 34, 22, 32, 17, 44, 21
org.eclipse.tm.terminal.view.TerminalView, 0, 0, 0, 0, 0, 0, 235, 12, 120, 16, 95, 15, 302, 20, 168, 14, 242, 16, 164, 14
org.eclipse.tptp.monitoring.managedagent.ui.explorer.internal.ui.MAExplorerView, 0, 0, 0, 0, 0, 0, 9, 5, 3, 2, 0, 0, 2, 2, 5, 2, 4, 2, 0, 0
org.eclipse.ui.articles.views.listenerview, 0, 0, 0, 0, 0, 0, 1, 1, 0, 0, 0, 0, 0, 0, 0, 0, 0, 0, 0, 0
org.eclipse.ui.articles.views.wordview, 0, 0, 0, 0, 0, 0, 6, 1, 0, 0, 0, 0, 0, 0, 0, 0, 0, 0, 0, 0
org.eclipse.ui.examples.contributions.view, 0, 0, 0, 0, 0, 0, 10, 1, 3, 1, 1, 1, 7, 2, 10, 3, 10, 3, 0, 0
org.eclipse.ui.examples.readmetool.views.SectionsView, 0, 0, 0, 0, 0, 0, 1, 1, 0, 0, 1, 1, 1, 1, 16, 4, 5, 2, 0, 0
org.eclipse.ui.examples.views.properties.tabbed.article.views.SampleView, 0, 0, 0, 0, 0, 0, 4, 1, 2, 1, 1, 1, 6, 3, 2, 1, 5, 1, 0, 0
org.eclipse.ui.forms.article.views.FormView, 0, 0, 0, 0, 0, 0, 2, 1, 0, 0, 0, 0, 0, 0, 0, 0, 3, 2, 2, 1
org.eclipse.ui.views.EditorList, 0, 0, 0, 0, 0, 0, 3, 2, 10, 4, 21, 4, 23, 7, 54, 9, 128, 12, 54, 7
org.eclipse.vtp.desktop.views.canvasbrowser, 0, 0, 0, 0, 0, 0, 3, 1, 0, 0, 0, 0, 8, 2, 8, 3, 5, 1, 0, 0
org.eclipse.vtp.desktop.views.pallet, 0, 0, 0, 0, 0, 0, 14, 1, 0, 0, 2, 1, 29, 2, 30, 5, 14, 2, 0, 0
org.eclipse.vtp.desktop.views.ProjectsView, 0, 0, 0, 0, 0, 0, 18, 1, 0, 0, 1, 1, 16, 3, 45, 4, 26, 2, 0, 0
org.eclipse.webcat.ui.views.commentsview, 0, 0, 0, 0, 0, 0, 2, 1, 0, 0, 0, 0, 0, 0, 0, 0, 0, 0, 0, 0
org.eclipse.webcat.ui.views.explorer, 0, 0, 0, 0, 0, 0, 3, 1, 0, 0, 0, 0, 0, 0, 0, 0, 0, 0, 0, 0
org.eclipse.webcat.ui.views.overview, 0, 0, 0, 0, 0, 0, 1, 1, 0, 0, 0, 0, 0, 0, 0, 0, 0, 0, 0, 0
org.eclipse.wst.jsdt.callhierarchy.view, 0, 0, 0, 0, 0, 0, 20, 9, 13, 8, 2, 2, 24, 10, 12, 8, 20, 13, 7, 7
org.eclipse.xcde.voice.XCDEVoiceView, 0, 0, 0, 0, 0, 0, 7, 1, 2, 1, 0, 0, 0, 0, 0, 0, 0, 0, 0, 0
org.eclipse.dd.examples.dsf.TimersView, 0, 0, 0, 0, 0, 0, 0, 0, 1, 1, 1, 1, 0, 0, 0, 0, 0, 0, 0, 0
org.eclipse.dltk.tcl.ui.Projects, 0, 0, 0, 0, 0, 0, 0, 0, 1, 1, 0, 0, 2, 1, 0, 0, 2, 2, 0, 0
org.eclipse.dltk.tcl.ui.TclDocumentationView, 0, 0, 0, 0, 0, 0, 0, 0, 1, 1, 0, 0, 0, 0, 0, 0, 0, 0, 1, 1
org.eclipse.eclipsemonkey.ui.scriptableView.GenericScriptableView, 0, 0, 0, 0, 0, 0, 0, 0, 12, 6, 4, 1, 14, 7, 4, 4, 9, 4, 11, 7
org.eclipse.eclipsework.views.TemplatesView, 0, 0, 0, 0, 0, 0, 0, 0, 7, 1, 0, 0, 2, 1, 0, 0, 2, 1, 2, 2
org.eclipse.equinox.jmx.client.ui.contributionsview, 0, 0, 0, 0, 0, 0, 0, 0, 14, 2, 0, 0, 0, 0, 0, 0, 0, 0, 0, 0
org.eclipse.equinox.jmx.client.ui.invocationView, 0, 0, 0, 0, 0, 0, 0, 0, 6, 1, 1, 1, 1, 1, 0, 0, 0, 0, 0, 0
org.eclipse.equinox.jmx.client.ui.mbeaninfoview, 0, 0, 0, 0, 0, 0, 0, 0, 15, 2, 1, 1, 0, 0, 0, 0, 0, 0, 0, 0
org.eclipse.mylyn.tasklist.activity, 0, 0, 0, 0, 0, 0, 0, 0, 2, 1, 0, 0, 0, 0, 3, 2, 0, 0, 0, 0
org.eclipse.net4j.ConnectorsView, 0, 0, 0, 0, 0, 0, 0, 0, 1, 1, 0, 0, 0, 0, 0, 0, 0, 0, 0, 0
org.eclipse.photran.ui.DeclarationView, 0, 0, 0, 0, 0, 0, 0, 0, 22, 9, 42, 19, 85, 36, 74, 34, 77, 32, 98, 32
org.eclipse.ptp.pldt.mpi.core.views.MPITableView, 0, 0, 0, 0, 0, 0, 0, 0, 2, 1, 0, 0, 9, 2, 4, 3, 1, 1, 10, 3
org.eclipse.ptp.pldt.openmp.core.views.OpenMPArtifactView, 0, 0, 0, 0, 0, 0, 0, 0, 4, 1, 0, 0, 4, 2, 5, 1, 1, 1, 3, 1
org.eclipse.ptp.pldt.openmp.ui.pv.views.OpenMPProblemsView, 0, 0, 0, 0, 0, 0, 0, 0, 5, 1, 0, 0, 5, 2, 6, 1, 1, 1, 3, 1
org.eclipse.ptp.ui.views.JobsListView, 0, 0, 0, 0, 0, 0, 0, 0, 1, 1, 0, 0, 0, 0, 1, 1, 2, 2, 0, 0
org.eclipse.ptp.ui.views.parallelMachinesView, 0, 0, 0, 0, 0, 0, 0, 0, 5, 2, 7, 2, 7, 2, 19, 4, 15, 4, 0, 0
org.eclipse.swt.examples.ole.win32.browserView, 0, 0, 0, 0, 0, 0, 0, 0, 3, 2, 1, 1, 4, 3, 3, 2, 1, 1, 2, 2
org.eclipse.team.bugs.bugView, 0, 0, 0, 0, 0, 0, 0, 0, 5, 1, 1, 1, 0, 0, 4, 1, 9, 2, 4, 1
org.eclipse.tptp.symptom.internal.presentation.view.SymptomAnalysisViewer, 0, 0, 0, 0, 0, 0, 0, 0, 4, 1, 0, 0, 0, 0, 0, 0, 0, 0, 1, 1
org.eclipse.ui.examples.navigator.view, 0, 0, 0, 0, 0, 0, 0, 0, 1, 1, 0, 0, 0, 0, 0, 0, 1, 1, 0, 0
org.eclipse.ui.tests.views.properties.tabbed.dynamic.views.DynamicTestsView, 0, 0, 0, 0, 0, 0, 0, 0, 3, 1, 0, 0, 0, 0, 0, 0, 0, 0, 0, 0
org.eclipse.ui.tests.views.properties.tabbed.override.OverrideTestsView, 0, 0, 0, 0, 0, 0, 0, 0, 4, 1, 0, 0, 0, 0, 0, 0, 0, 0, 0, 0
org.eclipse.ui.tests.views.properties.tabbed.text.TextTestsView, 0, 0, 0, 0, 0, 0, 0, 0, 2, 1, 0, 0, 0, 0, 0, 0, 0, 0, 0, 0
org.eclipse.ui.tests.views.properties.tabbed.views.TestsView, 0, 0, 0, 0, 0, 0, 0, 0, 3, 1, 0, 0, 0, 0, 0, 0, 0, 0, 0, 0
org.eclipse.xcde.views.replay.XCDEReplayView, 0, 0, 0, 0, 0, 0, 0, 0, 2, 1, 0, 0, 0, 0, 0, 0, 0, 0, 0, 0
org.eclipse.actf.validation.javapp.ui.views.renderedGuiView, 0, 0, 0, 0, 0, 0, 0, 0, 0, 0, 1, 1, 0, 0, 17, 1, 1, 1, 0, 0
org.eclipse.atf.mozilla.ide.ui.views.netmon, 0, 0, 0, 0, 0, 0, 0, 0, 0, 0, 3, 1, 19, 2, 10, 3, 0, 0, 3, 3
org.eclipse.core.tools.runtime.PluginListView, 0, 0, 0, 0, 0, 0, 0, 0, 0, 0, 1, 1, 0, 0, 0, 0, 0, 0, 0, 0
org.eclipse.dltk.tcl.ui.extbrowsing, 0, 0, 0, 0, 0, 0, 0, 0, 0, 0, 3, 1, 1, 1, 0, 0, 1, 1, 0, 0
org.eclipse.dltk.tcl.ui.Members, 0, 0, 0, 0, 0, 0, 0, 0, 0, 0, 10, 1, 1, 1, 0, 0, 1, 1, 0, 0
org.eclipse.epsilon.evl.dt.views.ValidationView, 0, 0, 0, 0, 0, 0, 0, 0, 0, 0, 6, 1, 0, 0, 1, 1, 0, 0, 0, 0
org.eclipse.hibachi.ui.internal.navigator, 0, 0, 0, 0, 0, 0, 0, 0, 0, 0, 3, 1, 0, 0, 15, 1, 24, 2, 2, 1
org.eclipse.laszlo.rct.editor.attributeEditor, 0, 0, 0, 0, 0, 0, 0, 0, 0, 0, 3, 1, 0, 0, 0, 0, 0, 0, 0, 0
org.eclipse.laszlo.rct.script.ui.explorer, 0, 0, 0, 0, 0, 0, 0, 0, 0, 0, 5, 1, 0, 0, 0, 0, 0, 0, 0, 0
org.eclipse.mahjong.ui.views.MahJongView, 0, 0, 0, 0, 0, 0, 0, 0, 0, 0, 3, 1, 0, 0, 3, 1, 0, 0, 0, 0
org.eclipse.mylar.tasks.ui.views.TaskListView, 0, 0, 0, 0, 0, 0, 0, 0, 0, 0, 1, 1, 5, 2, 0, 0, 1, 1, 0, 0
org.eclipse.nab.mwt.ab.view.MwtInstanceAttributeView, 0, 0, 0, 0, 0, 0, 0, 0, 0, 0, 1, 1, 3, 2, 0, 0, 0, 0, 1, 1
org.eclipse.nab.mwt.ab.view.MwtInstanceEditorView, 0, 0, 0, 0, 0, 0, 0, 0, 0, 0, 9, 1, 4, 1, 0, 0, 0, 0, 5, 2
org.eclipse.nab.mwt.ab.view.MwtInstanceProcedureView, 0, 0, 0, 0, 0, 0, 0, 0, 0, 0, 2, 2, 7, 2, 0, 0, 0, 0, 3, 1
org.eclipse.nab.mwt.ab.view.MwtInstancePropertyView, 0, 0, 0, 0, 0, 0, 0, 0, 0, 0, 2, 2, 1, 1, 0, 0, 0, 0, 4, 1
org.eclipse.nab.mwt.ab.view.MwtObjectBoxView, 0, 0, 0, 0, 0, 0, 0, 0, 0, 0, 4, 2, 3, 2, 0, 0, 0, 0, 1, 1
org.eclipse.net4j.CollaborationsView, 0, 0, 0, 0, 0, 0, 0, 0, 0, 0, 2, 1, 0, 0, 0, 0, 0, 0, 0, 0
org.eclipse.net4j.util.Net4jIntrospectorView, 0, 0, 0, 0, 0, 0, 0, 0, 0, 0, 1, 1, 0, 0, 0, 0, 0, 0, 3, 2
org.eclipse.p2.ui.admin.ProfilesView, 0, 0, 0, 0, 0, 0, 0, 0, 0, 0, 3, 1, 0, 0, 0, 0, 1, 1, 5, 3
org.eclipse.plugin.worldwind.views.EarthView, 0, 0, 0, 0, 0, 0, 0, 0, 0, 0, 7, 1, 2, 1, 13, 2, 0, 0, 0, 0
org.eclipse.plugin.worldwind.views.NavigatorView, 0, 0, 0, 0, 0, 0, 0, 0, 0, 0, 6, 1, 1, 1, 5, 2, 0, 0, 0, 0
org.eclipse.plugin.worldwind.views.WebBrowserView, 0, 0, 0, 0, 0, 0, 0, 0, 0, 0, 1, 1, 1, 1, 2, 1, 0, 0, 0, 0
org.eclipse.plugin.worldwind.views.WMSView, 0, 0, 0, 0, 0, 0, 0, 0, 0, 0, 4, 1, 1, 1, 3, 1, 0, 0, 0, 0
org.eclipse.stp.im.tool.in.bpmneditor.view.ImView, 0, 0, 0, 0, 0, 0, 0, 0, 0, 0, 5, 2, 8, 3, 20, 3, 13, 3, 15, 5
org.eclipse.sudoku.ui.views.SudokuView, 0, 0, 0, 0, 0, 0, 0, 0, 0, 0, 1, 1, 0, 0, 0, 0, 0, 0, 0, 0
org.eclipse.tigerstripe.workbench.views.artifactExplorerViewNew, 0, 0, 0, 0, 0, 0, 0, 0, 0, 0, 28, 1, 28, 1, 65, 3, 75, 3, 110, 5
org.eclipse.tptp.platform.analysis.core.ui.views.ResultsView, 0, 0, 0, 0, 0, 0, 0, 0, 0, 0, 9, 1, 0, 0, 15, 1, 2, 1, 2, 2
org.eclipse.ui.articles.views.labelview, 0, 0, 0, 0, 0, 0, 0, 0, 0, 0, 2, 1, 0, 0, 0, 0, 0, 0, 3, 1
org.eclipse.actf.validation.ui.views.ReportManagerView, 0, 0, 0, 0, 0, 0, 0, 0, 0, 0, 0, 0, 4, 1, 1, 1, 0, 0, 0, 0
org.eclipse.actf.validation.ui.views.ReportView, 0, 0, 0, 0, 0, 0, 0, 0, 0, 0, 0, 0, 3, 1, 5, 1, 0, 0, 0, 0
org.eclipse.actf.validation.ui.views.RulebaseView, 0, 0, 0, 0, 0, 0, 0, 0, 0, 0, 0, 0, 2, 1, 3, 1, 1, 1, 0, 0
org.eclipse.atf.mozilla.ide.ui.views.domwatcher2, 0, 0, 0, 0, 0, 0, 0, 0, 0, 0, 0, 0, 2, 2, 0, 0, 2, 1, 0, 0
org.eclipse.atf.mozilla.ide.ui.views.xhrmon, 0, 0, 0, 0, 0, 0, 0, 0, 0, 0, 0, 0, 7, 3, 0, 0, 1, 1, 1, 1
org.eclipse.cdt.ui.configurationView, 0, 0, 0, 0, 0, 0, 0, 0, 0, 0, 0, 0, 9, 1, 0, 0, 0, 0, 0, 0
org.eclipse.core.tools.metadata.MetadataTreeView, 0, 0, 0, 0, 0, 0, 0, 0, 0, 0, 0, 0, 1, 1, 0, 0, 0, 0, 0, 0
org.eclipse.dltk.javascript.debug.ui.scriptconsole, 0, 0, 0, 0, 0, 0, 0, 0, 0, 0, 0, 0, 3, 3, 0, 0, 0, 0, 0, 0
org.eclipse.epsilon.common.dt.tools.ToolsView, 0, 0, 0, 0, 0, 0, 0, 0, 0, 0, 0, 0, 2, 1, 0, 0, 0, 0, 1, 1
org.eclipse.examples.codegen.views.SampleView, 0, 0, 0, 0, 0, 0, 0, 0, 0, 0, 0, 0, 3, 1, 0, 0, 0, 0, 0, 0
org.eclipse.plugin.worldwind.views.NetCDFView, 0, 0, 0, 0, 0, 0, 0, 0, 0, 0, 0, 0, 3, 1, 0, 0, 0, 0, 0, 0
org.eclipse.ptp.perf.tau.perfdmf.views.PerfDMFView, 0, 0, 0, 0, 0, 0, 0, 0, 0, 0, 0, 0, 5, 2, 0, 0, 1, 1, 0, 0
org.eclipse.ptp.pldt.lapi.views.LapiArtifactView, 0, 0, 0, 0, 0, 0, 0, 0, 0, 0, 0, 0, 1, 1, 0, 0, 0, 0, 0, 0
org.eclipse.soc.ide4edu.ui.view.LitePackageExplorer, 0, 0, 0, 0, 0, 0, 0, 0, 0, 0, 0, 0, 16, 2, 13, 2, 1, 1, 0, 0
org.eclipse.wst.server.ui.ServersViewProvisional, 0, 0, 0, 0, 0, 0, 0, 0, 0, 0, 0, 0, 1, 1, 12, 2, 0, 0, 0, 0
org.eclipse.xcde.XCDEIMView, 0, 0, 0, 0, 0, 0, 0, 0, 0, 0, 0, 0, 1, 1, 0, 0, 0, 0, 0, 0
org.eclipse.xswt.views.XswtEditorView, 0, 0, 0, 0, 0, 0, 0, 0, 0, 0, 0, 0, 2, 1, 0, 0, 0, 0, 0, 0
org.eclipse.actf.validation.ui.views.RuntimeView, 0, 0, 0, 0, 0, 0, 0, 0, 0, 0, 0, 0, 0, 0, 4, 1, 0, 0, 0, 0
org.eclipse.cdt.cppunit.ResultView, 0, 0, 0, 0, 0, 0, 0, 0, 0, 0, 0, 0, 0, 0, 2, 1, 0, 0, 0, 0
org.eclipse.cobol.ui.views.dependency.DependencyView, 0, 0, 0, 0, 0, 0, 0, 0, 0, 0, 0, 0, 0, 0, 53, 5, 17, 5, 21, 6
org.eclipse.cobol.ui.views.structures.StructuresView, 0, 0, 0, 0, 0, 0, 0, 0, 0, 0, 0, 0, 0, 0, 15, 5, 6, 2, 5, 3
org.eclipse.cobol.ui.views.templates.COBOLTemplateViewPart, 0, 0, 0, 0, 0, 0, 0, 0, 0, 0, 0, 0, 0, 0, 2, 1, 2, 1, 0, 0
org.eclipse.dltk.debug.ui.ScriptDisplayView, 0, 0, 0, 0, 0, 0, 0, 0, 0, 0, 0, 0, 0, 0, 1, 1, 12, 8, 17, 8
org.eclipse.emf.ecoretools.registration.viewregisteredpackages, 0, 0, 0, 0, 0, 0, 0, 0, 0, 0, 0, 0, 0, 0, 4, 2, 10, 3, 1, 1
org.eclipse.hibachi.ui.configuration, 0, 0, 0, 0, 0, 0, 0, 0, 0, 0, 0, 0, 0, 0, 1, 1, 3, 2, 2, 1
org.eclipse.iam.ui.views.MavenEventView, 0, 0, 0, 0, 0, 0, 0, 0, 0, 0, 0, 0, 0, 0, 30, 1, 3, 1, 0, 0
org.eclipse.imp.runtime.projectExplorerView, 0, 0, 0, 0, 0, 0, 0, 0, 0, 0, 0, 0, 0, 0, 9, 1, 0, 0, 0, 0
org.eclipse.jdt.debug, 0, 0, 0, 0, 0, 0, 0, 0, 0, 0, 0, 0, 0, 0, 1, 1, 0, 0, 0, 0
org.eclipse.mylyn.ui.views.active.hierarchy, 0, 0, 0, 0, 0, 0, 0, 0, 0, 0, 0, 0, 0, 0, 1, 1, 0, 0, 0, 0
org.eclipse.mylyn.ui.views.active.search, 0, 0, 0, 0, 0, 0, 0, 0, 0, 0, 0, 0, 0, 0, 2, 1, 0, 0, 0, 0
org.eclipse.osee.ats.hyper.ActionHyperView, 0, 0, 0, 0, 0, 0, 0, 0, 0, 0, 0, 0, 0, 0, 1, 1, 0, 0, 0, 0
org.eclipse.osee.ats.world.WorldView, 0, 0, 0, 0, 0, 0, 0, 0, 0, 0, 0, 0, 0, 0, 2, 1, 0, 0, 0, 0
org.eclipse.osee.define.DefineNavigateView, 0, 0, 0, 0, 0, 0, 0, 0, 0, 0, 0, 0, 0, 0, 4, 1, 0, 0, 0, 0
org.eclipse.osee.framework.ui.skynet.branch.BranchView, 0, 0, 0, 0, 0, 0, 0, 0, 0, 0, 0, 0, 0, 0, 1, 1, 0, 0, 0, 0
org.eclipse.osee.framework.ui.skynet.skywalker.SkyWalkerView, 0, 0, 0, 0, 0, 0, 0, 0, 0, 0, 0, 0, 0, 0, 3, 1, 0, 0, 0, 0
org.eclipse.palamedes.ui.views.GameStateView, 0, 0, 0, 0, 0, 0, 0, 0, 0, 0, 0, 0, 0, 0, 9, 1, 0, 0, 0, 0
org.eclipse.palamedes.ui.views.KnowledgeBaseView, 0, 0, 0, 0, 0, 0, 0, 0, 0, 0, 0, 0, 0, 0, 6, 1, 0, 0, 0, 0
org.eclipse.palamedes.ui.views.StatisticView, 0, 0, 0, 0, 0, 0, 0, 0, 0, 0, 0, 0, 0, 0, 5, 1, 0, 0, 0, 0
org.eclipse.papyrus.views.thumbnail, 0, 0, 0, 0, 0, 0, 0, 0, 0, 0, 0, 0, 0, 0, 2, 1, 0, 0, 0, 0
org.eclipse.plugin.worldwind.views.MarsView, 0, 0, 0, 0, 0, 0, 0, 0, 0, 0, 0, 0, 0, 0, 5, 1, 0, 0, 0, 0
org.eclipse.plugin.worldwind.views.MoonView, 0, 0, 0, 0, 0, 0, 0, 0, 0, 0, 0, 0, 0, 0, 5, 1, 0, 0, 0, 0
org.eclipse.stp.ui.xef.help.XefHelpView, 0, 0, 0, 0, 0, 0, 0, 0, 0, 0, 0, 0, 0, 0, 1, 1, 0, 0, 0, 0
org.eclipse.team.ui.target.SiteExplorerView, 0, 0, 0, 0, 0, 0, 0, 0, 0, 0, 0, 0, 0, 0, 6, 2, 0, 0, 0, 0
org.eclipse.ui.coral8.views.AdminView, 0, 0, 0, 0, 0, 0, 0, 0, 0, 0, 0, 0, 0, 0, 4, 1, 0, 0, 0, 0
org.eclipse.ui.coral8.views.StreamView, 0, 0, 0, 0, 0, 0, 0, 0, 0, 0, 0, 0, 0, 0, 1, 1, 0, 0, 0, 0
org.eclipse.vtp.debug.ui.inputView, 0, 0, 0, 0, 0, 0, 0, 0, 0, 0, 0, 0, 0, 0, 1, 1, 0, 0, 0, 0
org.eclipse.xtext.ui.core.views.ServiceRegistryView, 0, 0, 0, 0, 0, 0, 0, 0, 0, 0, 0, 0, 0, 0, 2, 1, 0, 0, 0, 0
org.eclipse.cdt.ui.NamespacesView, 0, 0, 0, 0, 0, 0, 0, 0, 0, 0, 0, 0, 0, 0, 0, 0, 1, 1, 0, 0
org.eclipse.cdt.ui.ProjectsView, 0, 0, 0, 0, 0, 0, 0, 0, 0, 0, 0, 0, 0, 0, 0, 0, 3, 1, 0, 0
org.eclipse.cobol.debug.ui.COBOLWatchView, 0, 0, 0, 0, 0, 0, 0, 0, 0, 0, 0, 0, 0, 0, 0, 0, 2, 1, 0, 0
org.eclipse.contribution.spider.debug.view, 0, 0, 0, 0, 0, 0, 0, 0, 0, 0, 0, 0, 0, 0, 0, 0, 2, 1, 0, 0
org.eclipse.decuim.ui.EditorModelView, 0, 0, 0, 0, 0, 0, 0, 0, 0, 0, 0, 0, 0, 0, 0, 0, 10, 1, 0, 0
org.eclipse.gmt.am3.platform.ui.MegamodelNavigator, 0, 0, 0, 0, 0, 0, 0, 0, 0, 0, 0, 0, 0, 0, 0, 0, 11, 1, 0, 0
org.eclipse.ptp.ui.views.MachinesNodesView, 0, 0, 0, 0, 0, 0, 0, 0, 0, 0, 0, 0, 0, 0, 0, 0, 3, 1, 0, 0
org.eclipse.rse.tests.framework.HolderView, 0, 0, 0, 0, 0, 0, 0, 0, 0, 0, 0, 0, 0, 0, 0, 0, 1, 1, 0, 0
org.eclipse.stp.ui.xef.editor.XMLXPathView, 0, 0, 0, 0, 0, 0, 0, 0, 0, 0, 0, 0, 0, 0, 0, 0, 7, 1, 0, 0
org.eclipse.swt.tools.views.MacGeneratorView, 0, 0, 0, 0, 0, 0, 0, 0, 0, 0, 0, 0, 0, 0, 0, 0, 1, 1, 0, 0
org.eclipse.tigerstripe.annotation.view.property, 0, 0, 0, 0, 0, 0, 0, 0, 0, 0, 0, 0, 0, 0, 0, 0, 1, 1, 0, 0
org.eclipse.ui.examples.rcp.browser.browserView, 0, 0, 0, 0, 0, 0, 0, 0, 0, 0, 0, 0, 0, 0, 0, 0, 16, 1, 0, 0
org.eclipse.ui.examples.rcp.browser.historyView, 0, 0, 0, 0, 0, 0, 0, 0, 0, 0, 0, 0, 0, 0, 0, 0, 1, 1, 0, 0
org.eclipse.ui.tests.concurrentTableTest, 0, 0, 0, 0, 0, 0, 0, 0, 0, 0, 0, 0, 0, 0, 0, 0, 1, 1, 0, 0
org.eclipse.ui.tests.resourceMappingView, 0, 0, 0, 0, 0, 0, 0, 0, 0, 0, 0, 0, 0, 0, 0, 0, 2, 1, 0, 0
org.eclipse.ui.tests.session.ViewWithState, 0, 0, 0, 0, 0, 0, 0, 0, 0, 0, 0, 0, 0, 0, 0, 0, 2, 1, 0, 0
org.eclipse.ui.workbench, 0, 0, 0, 0, 0, 0, 0, 0, 0, 0, 0, 0, 0, 0, 0, 0, 1, 1, 0, 0
org.eclipse.wscdl.ide.chorview, 0, 0, 0, 0, 0, 0, 0, 0, 0, 0, 0, 0, 0, 0, 0, 0, 3, 1, 0, 0
org.eclipse.wscdl.ide.simulatorview, 0, 0, 0, 0, 0, 0, 0, 0, 0, 0, 0, 0, 0, 0, 0, 0, 8, 1, 0, 0
org.eclipse.wst.rdb.server.ui.navigator.serverExplorer, 0, 0, 0, 0, 0, 0, 0, 0, 0, 0, 0, 0, 0, 0, 0, 0, 1, 1, 1, 1
org.eclipse.wst.server.ui.Seactivated, 0, 0, 0, 0, 0, 0, 0, 0, 0, 0, 0, 0, 0, 0, 0, 0, 1, 1, 0, 0
org.eclipse.dali.ui.persistencePropertiesView, 0, 0, 0, 0, 0, 0, 0, 0, 0, 0, 0, 0, 0, 0, 0, 0, 0, 0, 2, 1
org.eclipse.emf.ocl.examples.interpreter.views.SampleView, 0, 0, 0, 0, 0, 0, 0, 0, 0, 0, 0, 0, 0, 0, 0, 0, 0, 0, 1, 1
org.eclipse.hyades.statistical.ui.graphview, 0, 0, 0, 0, 0, 0, 0, 0, 0, 0, 0, 0, 0, 0, 0, 0, 0, 0, 1, 1
org.eclipse.jdt.ui.NavadocView, 0, 0, 0, 0, 0, 0, 0, 0, 0, 0, 0, 0, 0, 0, 0, 0, 0, 0, 2, 1
org.eclipse.nab.mwt.ab.view.MwtInstanceTreeView, 0, 0, 0, 0, 0, 0, 0, 0, 0, 0, 0, 0, 0, 0, 0, 0, 0, 0, 2, 2
org.eclipse.ui.examples.undo.views.UndoHistoryView, 0, 0, 0, 0, 0, 0, 0, 0, 0, 0, 0, 0, 0, 0, 0, 0, 0, 0, 1, 1
org.eclipse.ui.RHVplugin.userinterface, 0, 0, 0, 0, 0, 0, 0, 0, 0, 0, 0, 0, 0, 0, 0, 0, 0, 0, 1, 1
org.eclipse.viatra2.frameworkgui.views.FrameworkTreeView, 0, 0, 0, 0, 0, 0, 0, 0, 0, 0, 0, 0, 0, 0, 0, 0, 0, 0, 27, 1
org.eclipse.viatra2.gui.codebufferview, 0, 0, 0, 0, 0, 0, 0, 0, 0, 0, 0, 0, 0, 0, 0, 0, 0, 0, 7, 1
org.eclipse.wst.navigator.ui.WTPWorkingSetCommonNavigator, 0, 0, 0, 0, 0, 0, 0, 0, 0, 0, 0, 0, 0, 0, 0, 0, 0, 0, 1, 1
org.eclipse.wst.xml.vex.ui.views.configuration, 0, 0, 0, 0, 0, 0, 0, 0, 0, 0, 0, 0, 0, 0, 0, 0, 0, 0, 3, 1
org.eclipse.wst.xml.vex.ui.views.debug, 0, 0, 0, 0, 0, 0, 0, 0, 0, 0, 0, 0, 0, 0, 0, 0, 0, 0, 2, 1
