yearmonth,view,executeCount,userCount
200804,org.eclipse.ant.ui.views.AntView,398,37
200804,org.eclipse.birt.report.designer.ui.attributes.AttributeView,76,5
200804,org.eclipse.birt.report.designer.ui.lib.explorer.view,8,2
200804,org.eclipse.birt.report.designer.ui.views.data.DataView,98,3
200804,org.eclipse.cdt.debug.ui.executablesView,3,2
200804,org.eclipse.cdt.debug.ui.ModulesView,2,1
200804,org.eclipse.cdt.make.ui.views.MakeView,37,8
200804,org.eclipse.cdt.ui.callHierarchy,20,4
200804,org.eclipse.cdt.ui.CView,255,11
200804,org.eclipse.cdt.ui.includeBrowser,5,1
200804,org.eclipse.cdt.ui.IndexView,17,2
200804,org.eclipse.cdt.ui.tests.DOMAST.DOMAST,2,1
200804,org.eclipse.cdt.ui.typeHierarchy,2,1
200804,org.eclipse.contribution.xref.ui.views.XReferenceView,1,1
200804,org.eclipse.datatools.connectivity.DataSourceExplorerNavigator,141,40
200804,org.eclipse.datatools.sqltools.plan.planView,12,5
200804,org.eclipse.datatools.sqltools.result.resultView,68,13
200804,org.eclipse.debug.ui.BreakpointView,250,76
200804,org.eclipse.debug.ui.DebugView,3024,196
200804,org.eclipse.debug.ui.ExpressionView,102,28
200804,org.eclipse.debug.ui.MemoryView,4,2
200804,org.eclipse.debug.ui.RegisterView,3,2
200804,org.eclipse.debug.ui.VariableView,1191,143
200804,org.eclipse.dltk.ruby.ui.RubyDocumentationView,4,1
200804,org.eclipse.dltk.ui.ScriptExplorer,32,2
200804,org.eclipse.ecf.example.collab.discoveryview,1,1
200804,org.eclipse.ecf.presence.ui.chatroom.ChatRoomManagerView,30,5
200804,org.eclipse.ecf.presence.ui.MessagesView,1,1
200804,org.eclipse.eclipsemonkey.views.ScriptsView,2,1
200804,org.eclipse.emf.ecoretools.internal.views.EClassHierarchyView,2,1
200804,org.eclipse.emf.ecoretools.internal.views.EReferencesView,1,1
200804,org.eclipse.gef.ui.palette_view,5,4
200804,org.eclipse.gmf.bridge.ui.dashboard.DashboardPart,7,2
200804,org.eclipse.help.ui.HelpView,41,19
200804,org.eclipse.hyades.log.ui.internal.navigator.LogNavigator,2,1
200804,org.eclipse.hyades.trace.internal.ui.PDProjectExplorer,61,6
200804,org.eclipse.hyades.trace.views.adapter.internal.CoverageStatisticViewer,3,2
200804,org.eclipse.hyades.trace.views.adapter.internal.ExecutionStatisticViewer2,53,4
200804,org.eclipse.hyades.trace.views.adapter.internal.MemoryStatisticViewer,4,2
200804,org.eclipse.hyades.trace.views.adapter.internal.PatternViewer,10,1
200804,org.eclipse.hyades.trace.views.adapter.internal.ReferenceTableViewer,3,2
200804,org.eclipse.hyades.uml2sd.trace.view.TraceSDView,3,1
200804,org.eclipse.jdt.callhierarchy.view,432,56
200804,org.eclipse.jdt.debug.ui.DisplayView,34,7
200804,org.eclipse.jdt.junit.ResultView,1511,95
200804,org.eclipse.jdt.ui.JavadocView,110,53
200804,org.eclipse.jdt.ui.MembersView,266,7
200804,org.eclipse.jdt.ui.PackageExplorer,15571,525
200804,org.eclipse.jdt.ui.PackagesView,105,9
200804,org.eclipse.jdt.ui.ProjectsView,83,7
200804,org.eclipse.jdt.ui.SourceView,46,27
200804,org.eclipse.jdt.ui.TypeHierarchy,514,118
200804,org.eclipse.jdt.ui.TypesView,348,11
200804,org.eclipse.jpt.ui.jpaDetailsView,12,3
200804,org.eclipse.jpt.ui.jpaStructureView,7,4
200804,org.eclipse.jst.jsf.ui.component.ComponentTreeView,3,2
200804,org.eclipse.m2m.internal.qvt.oml.common.views.MetamodelBrowserView,2,1
200804,org.eclipse.mylyn.tasks.ui.views.repositories,33,20
200804,org.eclipse.mylyn.tasks.ui.views.tasks,422,98
200804,org.eclipse.pde.runtime.LogView,146,50
200804,org.eclipse.pde.runtime.RegistryBrowser,4,2
200804,org.eclipse.pde.ui.DependenciesView,12,7
200804,org.eclipse.pde.ui.PluginsView,32,16
200804,org.eclipse.pde.visualization.views.SampleView,3,2
200804,org.eclipse.php.ui.explorer,150,4
200804,org.eclipse.php.ui.functions,1,1
200804,org.eclipse.php.ui.projectOutline,1,1
200804,org.eclipse.ptp.debug.ui.views.ArrayView,1,1
200804,org.eclipse.ptp.debug.ui.views.parallelDebugView,1,1
200804,org.eclipse.ptp.debug.ui.views.PVariableView,1,1
200804,org.eclipse.ptp.debug.ui.views.SignalsView,1,1
200804,org.eclipse.rse.ui.view.systemTableView,1,1
200804,org.eclipse.rse.ui.view.systemView,2,2
200804,org.eclipse.search.ui.views.SearchView,2720,220
200804,org.eclipse.swt.examples.controls.view,3,1
200804,org.eclipse.swt.examples.customcontrols.view,2,1
200804,org.eclipse.team.ccvs.ui.RepositoriesView,163,51
200804,org.eclipse.team.svn.ui.annotate.AnnotateView,1,1
200804,org.eclipse.team.svn.ui.properties.PropertiesView,5,5
200804,org.eclipse.team.svn.ui.repository.browser.RepositoryBrowser,9,7
200804,org.eclipse.team.svn.ui.repository.RepositoriesView,115,30
200804,org.eclipse.team.sync.views.SynchronizeView,2034,138
200804,org.eclipse.team.ui.GenericHistoryView,553,116
200804,org.eclipse.tptp.platform.analysis.core.ui.views.ResultsFrameView,5,1
200804,org.eclipse.tptp.platform.log.views.internal.views.LogViewer,2,1
200804,org.eclipse.tptp.trace.jvmti.internal.client.views.MemoryAnalysisViewer,4,1
200804,org.eclipse.tptp.trace.jvmti.internal.client.views.ThreadAnalysisViewer,4,1
200804,org.eclipse.ui.browser.view,25,5
200804,org.eclipse.ui.cheatsheets.views.CheatSheetView,6,4
200804,org.eclipse.ui.console.ConsoleView,8196,465
200804,org.eclipse.ui.internal.introview,51,22
200804,org.eclipse.ui.navigator.ProjectExplorer,5531,267
200804,org.eclipse.ui.texteditor.TemplatesView,1,1
200804,org.eclipse.ui.views.AllMarkersView,1,1
200804,org.eclipse.ui.views.BookmarkView,2,2
200804,org.eclipse.ui.views.ContentOutline,2459,309
200804,org.eclipse.ui.views.ProblemView,2013,338
200804,org.eclipse.ui.views.ProblemView.old,4,2
200804,org.eclipse.ui.views.ProgressView,341,119
200804,org.eclipse.ui.views.PropertySheet,196,58
200804,org.eclipse.ui.views.ResourceNavigator,1886,91
200804,org.eclipse.ui.views.TaskList,121,60
200804,org.eclipse.ve.internal.java.codegen.editorpart.BeansList,22,11
200804,org.eclipse.wst.common.snippets.internal.ui.SnippetsView,45,23
200804,org.eclipse.wst.internet.monitor.view,2,1
200804,org.eclipse.wst.jsdt.ui.JavadocView,3,1
200804,org.eclipse.wst.jsdt.ui.PackageExplorer,47,5
200804,org.eclipse.wst.jsdt.ui.TypeHierarchy,5,2
200804,org.eclipse.wst.server.ui.ServersView,2253,141
200805,org.eclipse.ant.ui.views.AntView,1039,60
200805,org.eclipse.birt.chart.examples.view.examplesview,4,1
200805,org.eclipse.birt.report.designer.ui.attributes.AttributeView,69,11
200805,org.eclipse.birt.report.designer.ui.lib.explorer.view,48,11
200805,org.eclipse.birt.report.designer.ui.views.data.DataView,182,14
200805,org.eclipse.cdt.debug.ui.DisassemblyView,5,3
200805,org.eclipse.cdt.debug.ui.executablesView,2,2
200805,org.eclipse.cdt.debug.ui.ModulesView,1,1
200805,org.eclipse.cdt.debug.ui.SignalsView,3,2
200805,org.eclipse.cdt.make.ui.views.MakeView,220,34
200805,org.eclipse.cdt.ui.callHierarchy,88,12
200805,org.eclipse.cdt.ui.CView,617,25
200805,org.eclipse.cdt.ui.includeBrowser,28,9
200805,org.eclipse.cdt.ui.IndexView,9,4
200805,org.eclipse.cdt.ui.typeHierarchy,21,6
200805,org.eclipse.contribution.visualiser.views.Menu,3,1
200805,org.eclipse.contribution.visualiser.views.Visualiser,6,1
200805,org.eclipse.contribution.xref.ui.views.XReferenceView,15,3
200805,org.eclipse.datatools.connectivity.DataSourceExplorerNavigator,465,114
200805,org.eclipse.datatools.sqltools.plan.planView,22,12
200805,org.eclipse.datatools.sqltools.result.resultView,340,26
200805,org.eclipse.debug.ui.BreakpointView,839,170
200805,org.eclipse.debug.ui.DebugView,6720,392
200805,org.eclipse.debug.ui.ExpressionView,282,71
200805,org.eclipse.debug.ui.MemoryView,10,3
200805,org.eclipse.debug.ui.ModuleView,5,4
200805,org.eclipse.debug.ui.PHPBrowserOutput,6,2
200805,org.eclipse.debug.ui.PHPDebugOutput,5,2
200805,org.eclipse.debug.ui.RegisterView,9,5
200805,org.eclipse.debug.ui.VariableView,2863,296
200805,org.eclipse.dltk.ui.ScriptExplorer,11,3
200805,org.eclipse.ecf.example.collab.discoveryview,8,4
200805,org.eclipse.ecf.internal.example.collab.ui.LineChatView,41,3
200805,org.eclipse.ecf.presence.ui.chatroom.ChatRoomManagerView,29,3
200805,org.eclipse.ecf.presence.ui.MessagesView,22,3
200805,org.eclipse.ecf.presence.ui.MultiRosterView,25,3
200805,org.eclipse.emf.cdo.CDOSessionsView,3,1
200805,org.eclipse.emf.ecoretools.internal.views.EClassHierarchyView,1,1
200805,org.eclipse.emf.ecoretools.internal.views.EReferencesView,2,2
200805,org.eclipse.gef.ui.palette_view,48,13
200805,org.eclipse.gmf.bridge.ui.dashboard.DashboardPart,26,3
200805,org.eclipse.help.ui.HelpView,116,59
200805,org.eclipse.hyades.logging.adapter.ui.internal.views.contentview,5,1
200805,org.eclipse.hyades.logging.adapter.ui.internal.views.logview,23,1
200805,org.eclipse.hyades.logging.adapter.ui.internal.views.resultview,6,1
200805,org.eclipse.hyades.trace.internal.ui.PDProjectExplorer,80,8
200805,org.eclipse.hyades.trace.views.adapter.internal.CoverageStatisticViewer,1,1
200805,org.eclipse.hyades.trace.views.adapter.internal.ExecutionStatisticViewer2,84,6
200805,org.eclipse.hyades.trace.views.adapter.internal.MemoryStatisticViewer,3,2
200805,org.eclipse.hyades.trace.views.adapter.internal.PatternViewer,20,2
200805,org.eclipse.hyades.uml2sd.trace.view.TraceSDView,2,1
200805,org.eclipse.images.views.ImageView,14,1
200805,org.eclipse.jdt.callhierarchy.view,1115,129
200805,org.eclipse.jdt.debug.ui.DisplayView,87,15
200805,org.eclipse.jdt.junit.ResultView,3045,177
200805,org.eclipse.jdt.ui.JavadocView,336,123
200805,org.eclipse.jdt.ui.MembersView,269,17
200805,org.eclipse.jdt.ui.PackageExplorer,39923,1100
200805,org.eclipse.jdt.ui.PackagesView,401,26
200805,org.eclipse.jdt.ui.ProjectsView,473,32
200805,org.eclipse.jdt.ui.SourceView,158,93
200805,org.eclipse.jdt.ui.TypeHierarchy,1053,226
200805,org.eclipse.jdt.ui.TypesView,534,26
200805,org.eclipse.jpt.ui.jpaDetailsView,82,12
200805,org.eclipse.jpt.ui.jpaStructureView,31,8
200805,org.eclipse.jst.jsf.ui.component.ComponentTreeView,3,2
200805,org.eclipse.m2m.internal.qvt.oml.common.views.MetamodelBrowserView,3,3
200805,org.eclipse.mat.ui.views.InspectorView,3,2
200805,org.eclipse.mat.ui.views.SnapshotHistoryView,1,1
200805,org.eclipse.mylyn.tasks.ui.views.repositories,149,73
200805,org.eclipse.mylyn.tasks.ui.views.tasks,1614,273
200805,org.eclipse.pde.runtime.LogView,318,116
200805,org.eclipse.pde.runtime.RegistryBrowser,9,5
200805,org.eclipse.pde.ui.DependenciesView,65,13
200805,org.eclipse.pde.ui.PluginsView,56,31
200805,org.eclipse.pde.visualization.views.SampleView,2,1
200805,org.eclipse.php.ui.explorer,269,9
200805,org.eclipse.php.ui.functions,16,4
200805,org.eclipse.php.ui.projectOutline,5,4
200805,org.eclipse.rse.shells.ui.view.commandsView,8,4
200805,org.eclipse.rse.terminals.ui.view.TerminalView,6,1
200805,org.eclipse.rse.ui.view.scratchpad.SystemScratchpadViewPart,2,2
200805,org.eclipse.rse.ui.view.systemTableView,8,6
200805,org.eclipse.rse.ui.view.systemView,54,9
200805,org.eclipse.rse.ui.view.teamView,5,4
200805,org.eclipse.search.ui.views.SearchView,7258,467
200805,org.eclipse.swt.win32.extension.examples.view,2,1
200805,org.eclipse.team.ccvs.ui.EditorsView,2,2
200805,org.eclipse.team.ccvs.ui.RepositoriesView,351,101
200805,org.eclipse.team.svn.ui.annotate.AnnotateView,4,1
200805,org.eclipse.team.svn.ui.properties.PropertiesView,14,10
200805,org.eclipse.team.svn.ui.repository.browser.RepositoryBrowser,31,16
200805,org.eclipse.team.svn.ui.repository.RepositoriesView,154,57
200805,org.eclipse.team.sync.views.SynchronizeView,4774,287
200805,org.eclipse.team.ui.GenericHistoryView,1594,273
200805,org.eclipse.tptp.platform.analysis.core.ui.views.ResultsFrameView,23,4
200805,org.eclipse.tptp.platform.log.views.internal.views.LogViewer,1,1
200805,org.eclipse.tptp.trace.jvmti.internal.client.views.MemoryAnalysisViewer,14,2
200805,org.eclipse.ui.browser.view,13,4
200805,org.eclipse.ui.cheatsheets.views.CheatSheetView,37,17
200805,org.eclipse.ui.console.ConsoleView,20711,992
200805,org.eclipse.ui.internal.introview,215,87
200805,org.eclipse.ui.navigator.ProjectExplorer,17032,637
200805,org.eclipse.ui.texteditor.TemplatesView,13,5
200805,org.eclipse.ui.views.AllMarkersView,3,2
200805,org.eclipse.ui.views.BookmarkView,46,8
200805,org.eclipse.ui.views.ContentOutline,6745,746
200805,org.eclipse.ui.views.ProblemView,5062,781
200805,org.eclipse.ui.views.ProgressView,776,257
200805,org.eclipse.ui.views.PropertySheet,1128,183
200805,org.eclipse.ui.views.ResourceNavigator,5002,223
200805,org.eclipse.ui.views.TaskList,431,169
200805,org.eclipse.ve.internal.java.codegen.editorpart.BeansList,115,7
200805,org.eclipse.ve.internal.java.codegen.editorpart.XMLViewPart,3,1
200805,org.eclipse.wst.common.snippets.internal.ui.SnippetsView,98,67
200805,org.eclipse.wst.internet.monitor.view,30,6
200805,org.eclipse.wst.jsdt.ui.JavadocView,4,3
200805,org.eclipse.wst.jsdt.ui.PackageExplorer,130,16
200805,org.eclipse.wst.jsdt.ui.SourceView,3,2
200805,org.eclipse.wst.jsdt.ui.TypeHierarchy,4,2
200805,org.eclipse.wst.server.ui.ServersView,6020,313
200805,org.eclipse.wst.xml.views.XPathView,6,2
200805,org.eclipse.wst.xml.xpath.ui.views.XPathNavigator,1,1
200806,org.eclipse.ajdt.ui.diff.ChangesView,1,1
200806,org.eclipse.ajdt.ui.EventTraceView,2,1
200806,org.eclipse.ant.ui.views.AntView,962,65
200806,org.eclipse.birt.report.designer.ui.attributes.AttributeView,122,15
200806,org.eclipse.birt.report.designer.ui.lib.explorer.view,16,9
200806,org.eclipse.birt.report.designer.ui.views.data.DataView,185,18
200806,org.eclipse.buckminster.ui.views.ComponentBrowserView,1,1
200806,org.eclipse.buckminster.ui.views.ComponentOutlineView,3,1
200806,org.eclipse.cdt.debug.ui.DisassemblyView,5,3
200806,org.eclipse.cdt.debug.ui.executablesView,10,5
200806,org.eclipse.cdt.make.ui.views.MakeView,439,28
200806,org.eclipse.cdt.ui.callHierarchy,124,10
200806,org.eclipse.cdt.ui.CView,654,27
200806,org.eclipse.cdt.ui.includeBrowser,11,4
200806,org.eclipse.cdt.ui.IndexView,2,2
200806,org.eclipse.cdt.ui.typeHierarchy,15,6
200806,org.eclipse.contribution.xref.ui.views.XReferenceView,12,2
200806,org.eclipse.datatools.connectivity.DataSourceExplorerNavigator,371,94
200806,org.eclipse.datatools.sqltools.plan.planView,19,10
200806,org.eclipse.datatools.sqltools.result.resultView,200,24
200806,org.eclipse.dd.ipxact.editor.ui.views.LibraryView,14,1
200806,org.eclipse.dd.ipxact.editor.ui.views.ReferencesView,2,1
200806,org.eclipse.debug.ui.BreakpointView,703,159
200806,org.eclipse.debug.ui.DebugView,6157,404
200806,org.eclipse.debug.ui.ExpressionView,253,72
200806,org.eclipse.debug.ui.MemoryView,17,6
200806,org.eclipse.debug.ui.ModuleView,2,2
200806,org.eclipse.debug.ui.RegisterView,1,1
200806,org.eclipse.debug.ui.VariableView,2248,292
200806,org.eclipse.dltk.ui.ScriptExplorer,72,6
200806,org.eclipse.dltk.ui.TypeHierarchy,1,1
200806,org.eclipse.ecf.example.collab.discoveryview,19,6
200806,org.eclipse.ecf.internal.example.collab.ui.LineChatView,17,5
200806,org.eclipse.ecf.presence.ui.chatroom.ChatRoomManagerView,14,5
200806,org.eclipse.ecf.presence.ui.MessagesView,10,1
200806,org.eclipse.ecf.presence.ui.MultiRosterView,21,4
200806,org.eclipse.emf.ecoretools.internal.views.EClassHierarchyView,6,3
200806,org.eclipse.emf.ecoretools.internal.views.EReferencesView,9,3
200806,org.eclipse.epf.authoring.ui.views.LibraryView,3,1
200806,org.eclipse.gef.ui.palette_view,100,18
200806,org.eclipse.gmf.bridge.ui.dashboard.DashboardPart,7,3
200806,org.eclipse.help.ui.HelpView,119,57
200806,org.eclipse.hyades.log.ui.internal.navigator.LogNavigator,3,2
200806,org.eclipse.hyades.trace.internal.ui.PDProjectExplorer,48,5
200806,org.eclipse.hyades.trace.views.adapter.internal.ExecutionStatisticViewer2,26,3
200806,org.eclipse.hyades.trace.views.adapter.internal.MemoryStatisticViewer,7,1
200806,org.eclipse.hyades.trace.views.adapter.internal.PatternViewer,17,1
200806,org.eclipse.images.views.ImageView,1,1
200806,org.eclipse.jdt.callhierarchy.view,969,103
200806,org.eclipse.jdt.debug.ui.DisplayView,100,18
200806,org.eclipse.jdt.junit.ResultView,2686,155
200806,org.eclipse.jdt.ui.JavadocView,242,105
200806,org.eclipse.jdt.ui.MembersView,145,9
200806,org.eclipse.jdt.ui.PackageExplorer,34251,994
200806,org.eclipse.jdt.ui.PackagesView,143,16
200806,org.eclipse.jdt.ui.ProjectsView,163,19
200806,org.eclipse.jdt.ui.SourceView,146,86
200806,org.eclipse.jdt.ui.TypeHierarchy,788,221
200806,org.eclipse.jdt.ui.TypesView,252,15
200806,org.eclipse.jpt.ui.jpaDetailsView,24,9
200806,org.eclipse.jpt.ui.jpaStructureView,7,5
200806,org.eclipse.m2m.internal.qvt.oml.common.views.MetamodelBrowserView,8,2
200806,org.eclipse.mylyn.tasks.ui.views.repositories,103,44
200806,org.eclipse.mylyn.tasks.ui.views.tasks,1206,237
200806,org.eclipse.net4j.util.Net4jContainerView,1,1
200806,org.eclipse.p2.ui.admin.ArtifactRepositoriesView,2,1
200806,org.eclipse.p2.ui.admin.MetadataRepositoriesView,2,1
200806,org.eclipse.pde.runtime.LogView,374,103
200806,org.eclipse.pde.runtime.RegistryBrowser,13,6
200806,org.eclipse.pde.ui.DependenciesView,26,12
200806,org.eclipse.pde.ui.PluginsView,90,35
200806,org.eclipse.php.ui.explorer,115,6
200806,org.eclipse.php.ui.functions,1,1
200806,org.eclipse.php.ui.projectOutline,2,1
200806,org.eclipse.rse.shells.ui.view.commandsView,27,3
200806,org.eclipse.rse.terminals.ui.view.TerminalView,5,1
200806,org.eclipse.rse.ui.view.monitorView,12,4
200806,org.eclipse.rse.ui.view.scratchpad.SystemScratchpadViewPart,4,2
200806,org.eclipse.rse.ui.view.SystemSearchView,9,1
200806,org.eclipse.rse.ui.view.systemTableView,15,4
200806,org.eclipse.rse.ui.view.systemView,101,11
200806,org.eclipse.rse.ui.view.teamView,6,1
200806,org.eclipse.search.ui.views.SearchView,6596,435
200806,org.eclipse.stp.sc.common.views.AnnotationView,2,1
200806,org.eclipse.swt.nebula.examples.view,9,1
200806,org.eclipse.swt.spy.views.SwtSpyView,1,1
200806,org.eclipse.swt.win32.extension.examples.view,2,1
200806,org.eclipse.team.ccvs.ui.EditorsView,1,1
200806,org.eclipse.team.ccvs.ui.RepositoriesView,295,93
200806,org.eclipse.team.svn.ui.annotate.AnnotateView,1,1
200806,org.eclipse.team.svn.ui.properties.PropertiesView,22,14
200806,org.eclipse.team.svn.ui.repository.browser.RepositoryBrowser,34,19
200806,org.eclipse.team.svn.ui.repository.RepositoriesView,218,64
200806,org.eclipse.team.sync.views.SynchronizeView,4485,276
200806,org.eclipse.team.ui.GenericHistoryView,1257,237
200806,org.eclipse.tptp.trace.jvmti.internal.client.views.CallStackViewer,1,1
200806,org.eclipse.tptp.trace.jvmti.internal.client.views.MemoryAnalysisViewer,4,2
200806,org.eclipse.ui.browser.view,18,7
200806,org.eclipse.ui.cheatsheets.views.CheatSheetView,25,9
200806,org.eclipse.ui.console.ConsoleView,19765,933
200806,org.eclipse.ui.forms.examples.views.FormView,9,1
200806,org.eclipse.ui.internal.introview,176,72
200806,org.eclipse.ui.navigator.ProjectExplorer,14052,582
200806,org.eclipse.ui.texteditor.TemplatesView,11,5
200806,org.eclipse.ui.views.AllMarkersView,8,1
200806,org.eclipse.ui.views.BookmarkView,22,8
200806,org.eclipse.ui.views.ContentOutline,4831,663
200806,org.eclipse.ui.views.ProblemView,4290,691
200806,org.eclipse.ui.views.ProgressView,737,253
200806,org.eclipse.ui.views.PropertySheet,1147,161
200806,org.eclipse.ui.views.ResourceNavigator,3828,213
200806,org.eclipse.ui.views.TaskList,315,126
200806,org.eclipse.ve.internal.java.codegen.editorpart.BeansList,89,5
200806,org.eclipse.wst.common.snippets.internal.ui.SnippetsView,68,43
200806,org.eclipse.wst.internet.monitor.view,54,4
200806,org.eclipse.wst.jsdt.ui.PackageExplorer,57,10
200806,org.eclipse.wst.jsdt.ui.TypeHierarchy,1,1
200806,org.eclipse.wst.server.ui.ServersView,4801,261
200807,org.eclipse.ajdt.ui.diff.ChangesView,2,2
200807,org.eclipse.ajdt.ui.EventTraceView,3,2
200807,org.eclipse.ant.ui.views.AntView,17612,1705
200807,org.eclipse.atf.mozilla.ide.debug.ui.scriptview,13,2
200807,org.eclipse.atf.mozilla.ide.ui.views.console,6,3
200807,org.eclipse.atf.mozilla.ide.ui.views.css,8,1
200807,org.eclipse.atf.mozilla.ide.ui.views.domsource,11,2
200807,org.eclipse.atf.mozilla.ide.ui.views.domwatcher,1,1
200807,org.eclipse.atf.mozilla.ide.ui.views.inspector,31,4
200807,org.eclipse.atf.mozilla.ide.ui.views.jseval,3,2
200807,org.eclipse.birt.chart.examples.view.examplesview,20,7
200807,org.eclipse.birt.report.designer.ui.attributes.AttributeView,3192,247
200807,org.eclipse.birt.report.designer.ui.lib.explorer.view,361,126
200807,org.eclipse.birt.report.designer.ui.views.data.DataView,3137,253
200807,org.eclipse.birt.report.examples.view.examplesview,30,7
200807,org.eclipse.buckminster.ui.views.ComponentBrowserView,74,42
200807,org.eclipse.buckminster.ui.views.ComponentOutlineView,39,27
200807,org.eclipse.cdt.debug.ui.DisassemblyView,290,123
200807,org.eclipse.cdt.debug.ui.executablesView,241,135
200807,org.eclipse.cdt.debug.ui.ModulesView,2,1
200807,org.eclipse.cdt.debug.ui.SignalsView,8,5
200807,org.eclipse.cdt.make.ui.views.MakeView,7149,996
200807,org.eclipse.cdt.ui.callHierarchy,999,168
200807,org.eclipse.cdt.ui.CView,10793,566
200807,org.eclipse.cdt.ui.includeBrowser,316,137
200807,org.eclipse.cdt.ui.IndexView,108,36
200807,org.eclipse.cdt.ui.tests.DOMAST.DOMAST,4,3
200807,org.eclipse.cdt.ui.typeHierarchy,247,85
200807,org.eclipse.contribution.spider.navigator.SpiderNavigatorView,5,1
200807,org.eclipse.contribution.spider.view,4,1
200807,org.eclipse.contribution.visualiser.views.Menu,29,20
200807,org.eclipse.contribution.visualiser.views.Visualiser,30,11
200807,org.eclipse.contribution.xref.ui.views.XReferenceView,60,33
200807,org.eclipse.datatools.connectivity.DataSourceExplorerNavigator,7162,2820
200807,org.eclipse.datatools.sqltools.plan.planView,411,196
200807,org.eclipse.datatools.sqltools.result.resultView,2659,502
200807,org.eclipse.dd.dsf.debug.ui.disassembly.view,4,2
200807,org.eclipse.debug.expressionview,10,4
200807,org.eclipse.debug.ui.BreakpointView,7000,2282
200807,org.eclipse.debug.ui.DebugView,69036,7079
200807,org.eclipse.debug.ui.ExpressionView,4038,1048
200807,org.eclipse.debug.ui.MemoryView,371,146
200807,org.eclipse.debug.ui.ModuleView,143,91
200807,org.eclipse.debug.ui.PHPBrowserOutput,47,18
200807,org.eclipse.debug.ui.PHPDebugOutput,154,47
200807,org.eclipse.debug.ui.PHPStackView,2,2
200807,org.eclipse.debug.ui.RegisterView,199,111
200807,org.eclipse.debug.ui.VariableView,25607,4673
200807,org.eclipse.dltk.callhierarchy.view,8,4
200807,org.eclipse.dltk.debug.ui.dbgpLogView,5,2
200807,org.eclipse.dltk.ruby.ui.extbrowsing,1,1
200807,org.eclipse.dltk.ruby.ui.Members,1,1
200807,org.eclipse.dltk.ruby.ui.Projects,8,4
200807,org.eclipse.dltk.ruby.ui.RubyDocumentationView,25,12
200807,org.eclipse.dltk.testing.ResultView,2,1
200807,org.eclipse.dltk.ui.ScriptExplorer,444,60
200807,org.eclipse.dltk.ui.TypeHierarchy,18,11
200807,org.eclipse.ecf.example.collab.discoveryview,218,94
200807,org.eclipse.ecf.filetransfer.ui.FileTransfersView,22,9
200807,org.eclipse.ecf.internal.example.collab.ui.LineChatView,467,131
200807,org.eclipse.ecf.presence.ui.chatroom.ChatRoomManagerView,207,47
200807,org.eclipse.ecf.presence.ui.MessagesView,611,81
200807,org.eclipse.ecf.presence.ui.MultiRosterView,759,136
200807,org.eclipse.eclipsemonkey.views.ScriptsInfoView,1,1
200807,org.eclipse.eclipsemonkey.views.ScriptsView,65,25
200807,org.eclipse.emf.cdo.CDOSessionsView,33,16
200807,org.eclipse.emf.ecoretools.internal.views.EClassHierarchyView,41,21
200807,org.eclipse.emf.ecoretools.internal.views.EReferencesView,35,18
200807,org.eclipse.epf.authoring.ui.views.ConfigurationView,3,2
200807,org.eclipse.epf.authoring.ui.views.LibraryView,14,1
200807,org.eclipse.externaltools.views.CommitHistoryView,1,1
200807,org.eclipse.gef.ui.palette_view,1506,302
200807,org.eclipse.gmf.bridge.ui.dashboard.DashboardPart,371,45
200807,org.eclipse.help.ui.HelpView,2414,1234
200807,org.eclipse.hyades.execution.recorder.ui.views.RecorderControlView,25,4
200807,org.eclipse.hyades.log.ui.internal.navigator.LogNavigator,30,15
200807,org.eclipse.hyades.logging.adapter.ui.internal.views.contentview,2,1
200807,org.eclipse.hyades.logging.adapter.ui.internal.views.logview,1,1
200807,org.eclipse.hyades.logging.adapter.ui.internal.views.resultview,3,2
200807,org.eclipse.hyades.sd.logc.LogInteractionsView,1,1
200807,org.eclipse.hyades.test.ui.TestNavigator,41,11
200807,org.eclipse.hyades.trace.internal.ui.PDProjectExplorer,856,113
200807,org.eclipse.hyades.trace.views.adapter.internal.CoverageStatisticViewer,28,9
200807,org.eclipse.hyades.trace.views.adapter.internal.ExecutionStatisticViewer2,534,69
200807,org.eclipse.hyades.trace.views.adapter.internal.MemoryStatisticViewer,50,13
200807,org.eclipse.hyades.trace.views.adapter.internal.PatternViewer,70,28
200807,org.eclipse.hyades.trace.views.adapter.internal.ReferenceTableViewer,29,11
200807,org.eclipse.hyades.uml2sd.trace.view.TraceSDView,27,5
200807,org.eclipse.images.views.ImageView,3,1
200807,org.eclipse.jdt.astview.views.ASTView,16,3
200807,org.eclipse.jdt.callhierarchy.view,9704,1501
200807,org.eclipse.jdt.debug.ui.DisplayView,635,199
200807,org.eclipse.jdt.junit.ResultView,34838,2897
200807,org.eclipse.jdt.ui.JavadocView,5356,2834
200807,org.eclipse.jdt.ui.MembersView,1200,202
200807,org.eclipse.jdt.ui.PackageExplorer,471471,21073
200807,org.eclipse.jdt.ui.PackagesView,1706,297
200807,org.eclipse.jdt.ui.ProjectsView,1999,480
200807,org.eclipse.jdt.ui.SourceView,3933,2286
200807,org.eclipse.jdt.ui.TypeHierarchy,11121,3913
200807,org.eclipse.jdt.ui.TypesView,2729,277
200807,org.eclipse.jpt.ui.jpaDetailsView,545,127
200807,org.eclipse.jpt.ui.jpaStructureView,364,110
200807,org.eclipse.jst.jsf.ui.component.ComponentTreeView,73,34
200807,org.eclipse.jst.jsf.ui.tagregistry.TagRegistryView,22,11
200807,org.eclipse.m2m.internal.qvt.oml.common.views.MetamodelBrowserView,6,2
200807,org.eclipse.mat.ui.views.InspectorView,30,11
200807,org.eclipse.mat.ui.views.NavigatorView,2,2
200807,org.eclipse.mat.ui.views.SnapshotDetailsView,5,1
200807,org.eclipse.mat.ui.views.TextEditorView,7,3
200807,org.eclipse.mylyn.tasks.ui.views.repositories,2217,1135
200807,org.eclipse.mylyn.tasks.ui.views.tasks,14066,4428
200807,org.eclipse.net4j.BuddiesView,9,9
200807,org.eclipse.pde.runtime.LogView,3112,1141
200807,org.eclipse.pde.runtime.RegistryBrowser,65,36
200807,org.eclipse.pde.ui.DependenciesView,183,90
200807,org.eclipse.pde.ui.PluginsView,530,230
200807,org.eclipse.photran.ui.FortranView,14,4
200807,org.eclipse.php.ui.explorer,3142,261
200807,org.eclipse.php.ui.functions,143,70
200807,org.eclipse.php.ui.projectOutline,247,77
200807,org.eclipse.ptp.remotetools.environment.ui.views.RemoteEnvironmentsView,1,1
200807,org.eclipse.ptp.ui.views.parallelJobsView,31,1
200807,org.eclipse.ptp.ui.views.resourceManagerView,8,2
200807,org.eclipse.rse.discovery.view.MultipleView,8,1
200807,org.eclipse.rse.shells.ui.view.commandsView,490,119
200807,org.eclipse.rse.terminals.ui.view.TerminalView,600,106
200807,org.eclipse.rse.ui.view.monitorView,113,54
200807,org.eclipse.rse.ui.view.scratchpad.SystemScratchpadViewPart,79,58
200807,org.eclipse.rse.ui.view.SystemSearchView,109,38
200807,org.eclipse.rse.ui.view.systemTableView,376,150
200807,org.eclipse.rse.ui.view.systemView,2239,292
200807,org.eclipse.rse.ui.view.teamView,83,55
200807,org.eclipse.search.SearchResultView,13,3
200807,org.eclipse.search.ui.views.SearchView,71552,7514
200807,org.eclipse.stp.sc.common.views.AnnotationView,6,4
200807,org.eclipse.swt.examples.browser.demos.views.BrowserDemoView,4,2
200807,org.eclipse.swt.examples.browserexample.view,2,2
200807,org.eclipse.swt.examples.controls.view,25,8
200807,org.eclipse.swt.examples.customcontrols.view,7,5
200807,org.eclipse.swt.examples.launcher.view,26,4
200807,org.eclipse.swt.examples.layouts.view,11,4
200807,org.eclipse.swt.examples.paint.view,3,2
200807,org.eclipse.swt.nebula.examples.view,2,2
200807,org.eclipse.swt.sleak.views.SleakView,13,1
200807,org.eclipse.target.ui.SiteExplorerView,11,2
200807,org.eclipse.team.ccvs.ui.AnnotateView,3,2
200807,org.eclipse.team.ccvs.ui.EditorsView,70,49
200807,org.eclipse.team.ccvs.ui.RepositoriesView,3620,1294
200807,org.eclipse.team.svn.ui.annotate.AnnotateView,2,2
200807,org.eclipse.team.svn.ui.properties.PropertiesView,491,283
200807,org.eclipse.team.svn.ui.properties.RevPropertiesView,23,14
200807,org.eclipse.team.svn.ui.repository.browser.RepositoryBrowser,712,390
200807,org.eclipse.team.svn.ui.repository.RepositoriesView,3852,1206
200807,org.eclipse.team.sync.views.SynchronizeView,47082,4830
200807,org.eclipse.team.ui.GenericHistoryView,15180,3877
200807,org.eclipse.tm.terminal.view.TerminalView,235,12
200807,org.eclipse.tptp.monitoring.managedagent.ui.explorer.internal.ui.MAExplorerView,9,5
200807,org.eclipse.tptp.platform.analysis.core.ui.views.ResultsFrameView,2,1
200807,org.eclipse.tptp.platform.log.views.internal.views.LogViewer,13,6
200807,org.eclipse.tptp.trace.jvmti.internal.client.views.CallStackViewer,21,7
200807,org.eclipse.tptp.trace.jvmti.internal.client.views.MemoryAnalysisViewer,183,25
200807,org.eclipse.tptp.trace.jvmti.internal.client.views.ThreadAnalysisViewer,85,13
200807,org.eclipse.ui.articles.views.listenerview,1,1
200807,org.eclipse.ui.articles.views.wordview,6,1
200807,org.eclipse.ui.browser.view,449,89
200807,org.eclipse.ui.cheatsheets.views.CheatSheetView,901,282
200807,org.eclipse.ui.console.ConsoleView,301007,21982
200807,org.eclipse.ui.examples.contributions.view,10,1
200807,org.eclipse.ui.examples.readmetool.views.SectionsView,1,1
200807,org.eclipse.ui.examples.views.properties.tabbed.article.views.SampleView,4,1
200807,org.eclipse.ui.forms.article.views.FormView,2,1
200807,org.eclipse.ui.internal.introview,5592,2516
200807,org.eclipse.ui.navigator.ProjectExplorer,261294,16126
200807,org.eclipse.ui.texteditor.TemplatesView,139,63
200807,org.eclipse.ui.views.AllMarkersView,113,40
200807,org.eclipse.ui.views.BookmarkView,394,152
200807,org.eclipse.ui.views.ContentOutline,75144,13770
200807,org.eclipse.ui.views.EditorList,3,2
200807,org.eclipse.ui.views.ProblemView,75743,16270
200807,org.eclipse.ui.views.ProgressView,13058,4855
200807,org.eclipse.ui.views.PropertySheet,14240,3754
200807,org.eclipse.ui.views.ResourceNavigator,67691,4599
200807,org.eclipse.ui.views.TaskList,7972,3797
200807,org.eclipse.ve.internal.java.codegen.editorpart.BeansList,959,131
200807,org.eclipse.ve.internal.java.codegen.editorpart.XMLViewPart,44,21
200807,org.eclipse.vtp.desktop.views.canvasbrowser,3,1
200807,org.eclipse.vtp.desktop.views.pallet,14,1
200807,org.eclipse.vtp.desktop.views.ProjectsView,18,1
200807,org.eclipse.webcat.ui.views.commentsview,2,1
200807,org.eclipse.webcat.ui.views.explorer,3,1
200807,org.eclipse.webcat.ui.views.overview,1,1
200807,org.eclipse.wst.common.snippets.internal.ui.SnippetsView,2672,1707
200807,org.eclipse.wst.internet.monitor.view,285,80
200807,org.eclipse.wst.jsdt.callhierarchy.view,20,9
200807,org.eclipse.wst.jsdt.ui.JavadocView,71,42
200807,org.eclipse.wst.jsdt.ui.PackageExplorer,1274,251
200807,org.eclipse.wst.jsdt.ui.SourceView,58,41
200807,org.eclipse.wst.jsdt.ui.TypeHierarchy,80,47
200807,org.eclipse.wst.server.ui.ServersView,91191,7537
200807,org.eclipse.wst.xml.views.XPathView,24,13
200807,org.eclipse.wst.xml.xpath.ui.views.XPathNavigator,15,2
200807,org.eclipse.xcde.voice.XCDEVoiceView,7,1
200808,org.eclipse.ajdt.ui.diff.ChangesView,6,3
200808,org.eclipse.ajdt.ui.EventTraceView,2,2
200808,org.eclipse.ant.ui.views.AntView,26384,2335
200808,org.eclipse.atf.mozilla.ide.ui.views.console,2,1
200808,org.eclipse.atf.mozilla.ide.ui.views.inspector,3,2
200808,org.eclipse.birt.chart.examples.view.examplesview,11,5
200808,org.eclipse.birt.report.designer.ui.attributes.AttributeView,4564,280
200808,org.eclipse.birt.report.designer.ui.lib.explorer.view,526,149
200808,org.eclipse.birt.report.designer.ui.views.data.DataView,3825,304
200808,org.eclipse.birt.report.examples.view.examplesview,10,5
200808,org.eclipse.buckminster.ui.views.ComponentBrowserView,62,39
200808,org.eclipse.buckminster.ui.views.ComponentOutlineView,52,38
200808,org.eclipse.cdt.debug.ui.DisassemblyView,358,154
200808,org.eclipse.cdt.debug.ui.executablesView,228,154
200808,org.eclipse.cdt.debug.ui.SignalsView,6,3
200808,org.eclipse.cdt.make.ui.views.MakeView,8552,1170
200808,org.eclipse.cdt.ui.callHierarchy,1183,209
200808,org.eclipse.cdt.ui.CView,11822,667
200808,org.eclipse.cdt.ui.includeBrowser,315,152
200808,org.eclipse.cdt.ui.IndexView,121,31
200808,org.eclipse.cdt.ui.tests.DOMAST.DOMAST,14,3
200808,org.eclipse.cdt.ui.typeHierarchy,248,87
200808,org.eclipse.contribution.visualiser.views.Menu,33,17
200808,org.eclipse.contribution.visualiser.views.Visualiser,65,11
200808,org.eclipse.contribution.xref.ui.views.XReferenceView,104,38
200808,org.eclipse.datatools.connectivity.DataSourceExplorerNavigator,7820,3175
200808,org.eclipse.datatools.sqltools.plan.planView,357,191
200808,org.eclipse.datatools.sqltools.result.resultView,2930,594
200808,org.eclipse.dd.examples.dsf.TimersView,1,1
200808,org.eclipse.dd.ipxact.editor.ui.views.LibraryView,1,1
200808,org.eclipse.dd.ipxact.editor.ui.views.ReferencesView,4,1
200808,org.eclipse.debug.expressionview,12,7
200808,org.eclipse.debug.ui.BreakpointView,9032,2946
200808,org.eclipse.debug.ui.DebugView,93717,9700
200808,org.eclipse.debug.ui.ExpressionView,5493,1419
200808,org.eclipse.debug.ui.MemoryView,322,135
200808,org.eclipse.debug.ui.ModuleView,140,98
200808,org.eclipse.debug.ui.PHPBrowserOutput,81,34
200808,org.eclipse.debug.ui.PHPDebugOutput,206,60
200808,org.eclipse.debug.ui.PHPStackView,4,3
200808,org.eclipse.debug.ui.RegisterView,252,123
200808,org.eclipse.debug.ui.VariableView,34248,6370
200808,org.eclipse.dltk.callhierarchy.view,14,6
200808,org.eclipse.dltk.debug.ui.dbgpLogView,29,2
200808,org.eclipse.dltk.ruby.ui.extbrowsing,10,5
200808,org.eclipse.dltk.ruby.ui.Members,2,1
200808,org.eclipse.dltk.ruby.ui.Projects,12,7
200808,org.eclipse.dltk.ruby.ui.RubyDocumentationView,18,12
200808,org.eclipse.dltk.tcl.ui.Projects,1,1
200808,org.eclipse.dltk.tcl.ui.TclDocumentationView,1,1
200808,org.eclipse.dltk.testing.ResultView,17,2
200808,org.eclipse.dltk.ui.ScriptExplorer,687,66
200808,org.eclipse.dltk.ui.TypeHierarchy,14,8
200808,org.eclipse.ecf.example.collab.discoveryview,89,37
200808,org.eclipse.ecf.filetransfer.ui.FileTransfersView,2,2
200808,org.eclipse.ecf.internal.example.collab.ui.LineChatView,146,43
200808,org.eclipse.ecf.presence.ui.chatroom.ChatRoomManagerView,67,17
200808,org.eclipse.ecf.presence.ui.MessagesView,144,36
200808,org.eclipse.ecf.presence.ui.MultiRosterView,200,52
200808,org.eclipse.eclipsemonkey.ui.scriptableView.GenericScriptableView,12,6
200808,org.eclipse.eclipsemonkey.views.ScriptsInfoView,5,1
200808,org.eclipse.eclipsemonkey.views.ScriptsView,30,20
200808,org.eclipse.eclipsework.views.TemplatesView,7,1
200808,org.eclipse.emf.cdo.CDOSessionsView,22,16
200808,org.eclipse.emf.ecoretools.internal.views.EClassHierarchyView,15,11
200808,org.eclipse.emf.ecoretools.internal.views.EReferencesView,17,12
200808,org.eclipse.equinox.jmx.client.ui.contributionsview,14,2
200808,org.eclipse.equinox.jmx.client.ui.invocationView,6,1
200808,org.eclipse.equinox.jmx.client.ui.mbeaninfoview,15,2
200808,org.eclipse.gef.ui.palette_view,1763,332
200808,org.eclipse.gmf.bridge.ui.dashboard.DashboardPart,126,31
200808,org.eclipse.help.ui.HelpView,3085,1513
200808,org.eclipse.hyades.execution.recorder.ui.views.RecorderControlView,9,2
200808,org.eclipse.hyades.log.ui.internal.navigator.LogNavigator,27,15
200808,org.eclipse.hyades.logging.adapter.ui.internal.views.contentview,1,1
200808,org.eclipse.hyades.logging.adapter.ui.internal.views.logview,1,1
200808,org.eclipse.hyades.sd.logc.LogInteractionsView,4,1
200808,org.eclipse.hyades.test.ui.TestNavigator,19,9
200808,org.eclipse.hyades.trace.internal.ui.PDProjectExplorer,983,91
200808,org.eclipse.hyades.trace.views.adapter.internal.CoverageStatisticViewer,42,16
200808,org.eclipse.hyades.trace.views.adapter.internal.ExecutionStatisticViewer2,556,54
200808,org.eclipse.hyades.trace.views.adapter.internal.MemoryStatisticViewer,97,17
200808,org.eclipse.hyades.trace.views.adapter.internal.PatternViewer,79,24
200808,org.eclipse.hyades.trace.views.adapter.internal.ReferenceTableViewer,55,15
200808,org.eclipse.hyades.uml2sd.trace.view.TraceSDView,59,12
200808,org.eclipse.jdt.astview.views.ASTView,14,4
200808,org.eclipse.jdt.callhierarchy.view,12852,1926
200808,org.eclipse.jdt.debug.ui.DisplayView,936,270
200808,org.eclipse.jdt.junit.ResultView,44102,3726
200808,org.eclipse.jdt.ui.JavadocView,6603,3448
200808,org.eclipse.jdt.ui.MembersView,1320,279
200808,org.eclipse.jdt.ui.PackageExplorer,634391,27447
200808,org.eclipse.jdt.ui.PackagesView,2114,384
200808,org.eclipse.jdt.ui.ProjectsView,2386,597
200808,org.eclipse.jdt.ui.SourceView,4923,2876
200808,org.eclipse.jdt.ui.TypeHierarchy,13639,5030
200808,org.eclipse.jdt.ui.TypesView,3274,361
200808,org.eclipse.jpt.ui.jpaDetailsView,581,130
200808,org.eclipse.jpt.ui.jpaStructureView,476,117
200808,org.eclipse.jst.jsf.ui.component.ComponentTreeView,98,47
200808,org.eclipse.jst.jsf.ui.tagregistry.TagRegistryView,40,16
200808,org.eclipse.mat.ui.views.InspectorView,25,10
200808,org.eclipse.mat.ui.views.SnapshotDetailsView,2,1
200808,org.eclipse.mat.ui.views.SnapshotHistoryView,2,1
200808,org.eclipse.mylyn.tasklist.activity,2,1
200808,org.eclipse.mylyn.tasks.ui.views.repositories,2148,1105
200808,org.eclipse.mylyn.tasks.ui.views.tasks,15580,5078
200808,org.eclipse.net4j.BuddiesView,9,8
200808,org.eclipse.net4j.ConnectorsView,1,1
200808,org.eclipse.p2.ui.admin.ArtifactRepositoriesView,1,1
200808,org.eclipse.p2.ui.admin.MetadataRepositoriesView,1,1
200808,org.eclipse.pde.runtime.LogView,3100,1121
200808,org.eclipse.pde.runtime.RegistryBrowser,25,14
200808,org.eclipse.pde.ui.DependenciesView,182,66
200808,org.eclipse.pde.ui.PluginsView,409,199
200808,org.eclipse.pde.visualization.views.SampleView,3,1
200808,org.eclipse.photran.ui.DeclarationView,22,9
200808,org.eclipse.photran.ui.FortranView,171,14
200808,org.eclipse.php.ui.explorer,4880,334
200808,org.eclipse.php.ui.functions,152,80
200808,org.eclipse.php.ui.projectOutline,318,97
200808,org.eclipse.ptp.debug.ui.views.parallelDebugView,1,1
200808,org.eclipse.ptp.pldt.mpi.core.views.MPITableView,2,1
200808,org.eclipse.ptp.pldt.openmp.core.views.OpenMPArtifactView,4,1
200808,org.eclipse.ptp.pldt.openmp.ui.pv.views.OpenMPProblemsView,5,1
200808,org.eclipse.ptp.ui.views.JobsListView,1,1
200808,org.eclipse.ptp.ui.views.parallelJobsView,4,2
200808,org.eclipse.ptp.ui.views.parallelMachinesView,5,2
200808,org.eclipse.ptp.ui.views.resourceManagerView,9,2
200808,org.eclipse.rse.shells.ui.view.commandsView,480,75
200808,org.eclipse.rse.terminals.ui.view.TerminalView,633,72
200808,org.eclipse.rse.ui.view.monitorView,72,35
200808,org.eclipse.rse.ui.view.scratchpad.SystemScratchpadViewPart,76,43
200808,org.eclipse.rse.ui.view.SystemSearchView,153,51
200808,org.eclipse.rse.ui.view.systemTableView,231,102
200808,org.eclipse.rse.ui.view.systemView,2674,282
200808,org.eclipse.rse.ui.view.teamView,87,53
200808,org.eclipse.search.SearchResultView,4,2
200808,org.eclipse.search.ui.views.SearchView,93497,9997
200808,org.eclipse.stp.sc.common.views.AnnotationView,26,6
200808,org.eclipse.swt.examples.browser.demos.views.BrowserDemoView,10,5
200808,org.eclipse.swt.examples.browserexample.view,7,7
200808,org.eclipse.swt.examples.controls.view,56,16
200808,org.eclipse.swt.examples.customcontrols.view,14,7
200808,org.eclipse.swt.examples.launcher.view,34,10
200808,org.eclipse.swt.examples.layouts.view,14,8
200808,org.eclipse.swt.examples.ole.win32.browserView,3,2
200808,org.eclipse.swt.examples.paint.view,9,4
200808,org.eclipse.swt.nebula.examples.view,2,1
200808,org.eclipse.swt.sleak.views.SleakView,6,3
200808,org.eclipse.swt.spy.views.SwtSpyView,5,1
200808,org.eclipse.target.ui.SiteExplorerView,14,3
200808,org.eclipse.team.bugs.bugView,5,1
200808,org.eclipse.team.ccvs.ui.AnnotateView,1,1
200808,org.eclipse.team.ccvs.ui.EditorsView,82,40
200808,org.eclipse.team.ccvs.ui.RepositoriesView,4377,1568
200808,org.eclipse.team.svn.ui.properties.PropertiesView,506,283
200808,org.eclipse.team.svn.ui.properties.RevPropertiesView,16,6
200808,org.eclipse.team.svn.ui.repository.browser.RepositoryBrowser,602,337
200808,org.eclipse.team.svn.ui.repository.RepositoriesView,3853,1225
200808,org.eclipse.team.sync.views.SynchronizeView,61125,6231
200808,org.eclipse.team.ui.GenericHistoryView,20021,4901
200808,org.eclipse.tm.terminal.view.TerminalView,120,16
200808,org.eclipse.tptp.monitoring.managedagent.ui.explorer.internal.ui.MAExplorerView,3,2
200808,org.eclipse.tptp.platform.analysis.core.ui.views.ResultsFrameView,36,3
200808,org.eclipse.tptp.platform.log.views.internal.views.LogViewer,31,7
200808,org.eclipse.tptp.symptom.internal.presentation.view.SymptomAnalysisViewer,4,1
200808,org.eclipse.tptp.trace.jvmti.internal.client.views.CallStackViewer,59,9
200808,org.eclipse.tptp.trace.jvmti.internal.client.views.MemoryAnalysisViewer,284,36
200808,org.eclipse.tptp.trace.jvmti.internal.client.views.ThreadAnalysisViewer,115,15
200808,org.eclipse.ui.browser.view,1471,129
200808,org.eclipse.ui.cheatsheets.views.CheatSheetView,901,289
200808,org.eclipse.ui.console.ConsoleView,429159,29666
200808,org.eclipse.ui.examples.contributions.view,3,1
200808,org.eclipse.ui.examples.navigator.view,1,1
200808,org.eclipse.ui.examples.views.properties.tabbed.article.views.SampleView,2,1
200808,org.eclipse.ui.internal.introview,6445,2755
200808,org.eclipse.ui.navigator.ProjectExplorer,365132,21033
200808,org.eclipse.ui.tests.views.properties.tabbed.dynamic.views.DynamicTestsView,3,1
200808,org.eclipse.ui.tests.views.properties.tabbed.override.OverrideTestsView,4,1
200808,org.eclipse.ui.tests.views.properties.tabbed.text.TextTestsView,2,1
200808,org.eclipse.ui.tests.views.properties.tabbed.views.TestsView,3,1
200808,org.eclipse.ui.texteditor.TemplatesView,220,65
200808,org.eclipse.ui.views.AllMarkersView,180,32
200808,org.eclipse.ui.views.BookmarkView,800,242
200808,org.eclipse.ui.views.ContentOutline,97393,17419
200808,org.eclipse.ui.views.EditorList,10,4
200808,org.eclipse.ui.views.ProblemView,89836,20155
200808,org.eclipse.ui.views.ProgressView,14332,5567
200808,org.eclipse.ui.views.PropertySheet,16876,4352
200808,org.eclipse.ui.views.ResourceNavigator,98088,6023
200808,org.eclipse.ui.views.TaskList,8753,4264
200808,org.eclipse.ve.internal.java.codegen.editorpart.BeansList,1506,225
200808,org.eclipse.ve.internal.java.codegen.editorpart.XMLViewPart,36,28
200808,org.eclipse.wst.common.snippets.internal.ui.SnippetsView,3032,1870
200808,org.eclipse.wst.internet.monitor.view,437,142
200808,org.eclipse.wst.jsdt.callhierarchy.view,13,8
200808,org.eclipse.wst.jsdt.ui.JavadocView,84,52
200808,org.eclipse.wst.jsdt.ui.PackageExplorer,1245,255
200808,org.eclipse.wst.jsdt.ui.SourceView,65,40
200808,org.eclipse.wst.jsdt.ui.TypeHierarchy,65,38
200808,org.eclipse.wst.server.ui.ServersView,124810,10024
200808,org.eclipse.wst.xml.views.XPathView,29,12
200808,org.eclipse.wst.xml.xpath.ui.views.XPathNavigator,8,4
200808,org.eclipse.xcde.views.replay.XCDEReplayView,2,1
200808,org.eclipse.xcde.voice.XCDEVoiceView,2,1
200809,org.eclipse.actf.validation.javapp.ui.views.renderedGuiView,1,1
200809,org.eclipse.ajdt.ui.diff.ChangesView,4,3
200809,org.eclipse.ant.ui.views.AntView,33333,2914
200809,org.eclipse.atf.mozilla.ide.ui.views.console,1,1
200809,org.eclipse.atf.mozilla.ide.ui.views.css,1,1
200809,org.eclipse.atf.mozilla.ide.ui.views.inspector,1,1
200809,org.eclipse.atf.mozilla.ide.ui.views.netmon,3,1
200809,org.eclipse.birt.chart.examples.view.examplesview,23,9
200809,org.eclipse.birt.report.designer.ui.attributes.AttributeView,4927,303
200809,org.eclipse.birt.report.designer.ui.lib.explorer.view,554,169
200809,org.eclipse.birt.report.designer.ui.views.data.DataView,4527,325
200809,org.eclipse.birt.report.examples.view.examplesview,41,11
200809,org.eclipse.buckminster.ui.views.ComponentBrowserView,79,52
200809,org.eclipse.buckminster.ui.views.ComponentOutlineView,59,41
200809,org.eclipse.cdt.debug.ui.DisassemblyView,471,166
200809,org.eclipse.cdt.debug.ui.executablesView,274,182
200809,org.eclipse.cdt.debug.ui.ModulesView,1,1
200809,org.eclipse.cdt.debug.ui.SignalsView,25,15
200809,org.eclipse.cdt.make.ui.views.MakeView,8815,1332
200809,org.eclipse.cdt.ui.callHierarchy,1182,243
200809,org.eclipse.cdt.ui.CView,14422,807
200809,org.eclipse.cdt.ui.includeBrowser,364,171
200809,org.eclipse.cdt.ui.IndexView,154,35
200809,org.eclipse.cdt.ui.tests.DOMAST.DOMAST,9,7
200809,org.eclipse.cdt.ui.typeHierarchy,224,95
200809,org.eclipse.contribution.visualiser.views.Menu,28,16
200809,org.eclipse.contribution.visualiser.views.Visualiser,42,11
200809,org.eclipse.contribution.xref.ui.views.XReferenceView,88,39
200809,org.eclipse.core.tools.runtime.PluginListView,1,1
200809,org.eclipse.datatools.connectivity.DataSourceExplorerNavigator,8793,3525
200809,org.eclipse.datatools.sqltools.plan.planView,320,178
200809,org.eclipse.datatools.sqltools.result.resultView,3044,610
200809,org.eclipse.dd.dsf.debug.ui.disassembly.view,1,1
200809,org.eclipse.dd.examples.dsf.TimersView,1,1
200809,org.eclipse.debug.expressionview,21,6
200809,org.eclipse.debug.ui.BreakpointView,12286,3919
200809,org.eclipse.debug.ui.DebugView,123688,12674
200809,org.eclipse.debug.ui.ExpressionView,7351,1837
200809,org.eclipse.debug.ui.MemoryView,387,151
200809,org.eclipse.debug.ui.ModuleView,152,110
200809,org.eclipse.debug.ui.PHPBrowserOutput,69,26
200809,org.eclipse.debug.ui.PHPDebugOutput,242,65
200809,org.eclipse.debug.ui.PHPStackView,7,3
200809,org.eclipse.debug.ui.RegisterView,338,135
200809,org.eclipse.debug.ui.VariableView,45236,8234
200809,org.eclipse.dltk.callhierarchy.view,9,6
200809,org.eclipse.dltk.ruby.ui.extbrowsing,13,5
200809,org.eclipse.dltk.ruby.ui.Members,9,4
200809,org.eclipse.dltk.ruby.ui.Projects,16,8
200809,org.eclipse.dltk.ruby.ui.RubyDocumentationView,35,17
200809,org.eclipse.dltk.tcl.ui.extbrowsing,3,1
200809,org.eclipse.dltk.tcl.ui.Members,10,1
200809,org.eclipse.dltk.testing.ResultView,1,1
200809,org.eclipse.dltk.ui.ScriptExplorer,952,84
200809,org.eclipse.dltk.ui.TypeHierarchy,22,8
200809,org.eclipse.ecf.example.collab.discoveryview,70,31
200809,org.eclipse.ecf.filetransfer.ui.FileTransfersView,5,5
200809,org.eclipse.ecf.internal.example.collab.ui.LineChatView,132,43
200809,org.eclipse.ecf.presence.ui.chatroom.ChatRoomManagerView,53,15
200809,org.eclipse.ecf.presence.ui.MessagesView,144,30
200809,org.eclipse.ecf.presence.ui.MultiRosterView,201,43
200809,org.eclipse.eclipsemonkey.ui.scriptableView.GenericScriptableView,4,1
200809,org.eclipse.eclipsemonkey.views.ScriptsView,66,32
200809,org.eclipse.emf.cdo.CDOSessionsView,25,18
200809,org.eclipse.emf.ecoretools.internal.views.EClassHierarchyView,15,8
200809,org.eclipse.emf.ecoretools.internal.views.EReferencesView,7,5
200809,org.eclipse.epsilon.evl.dt.views.ValidationView,6,1
200809,org.eclipse.equinox.jmx.client.ui.invocationView,1,1
200809,org.eclipse.equinox.jmx.client.ui.mbeaninfoview,1,1
200809,org.eclipse.externaltools.views.CommitHistoryView,1,1
200809,org.eclipse.gef.ui.palette_view,1984,385
200809,org.eclipse.gmf.bridge.ui.dashboard.DashboardPart,217,32
200809,org.eclipse.help.ui.HelpView,4087,2090
200809,org.eclipse.hibachi.ui.internal.navigator,3,1
200809,org.eclipse.hyades.execution.recorder.ui.views.RecorderControlView,52,4
200809,org.eclipse.hyades.log.ui.internal.navigator.LogNavigator,14,8
200809,org.eclipse.hyades.sd.logc.LogInteractionsView,1,1
200809,org.eclipse.hyades.test.ui.TestNavigator,24,11
200809,org.eclipse.hyades.trace.internal.ui.PDProjectExplorer,429,75
200809,org.eclipse.hyades.trace.views.adapter.internal.CoverageStatisticViewer,6,4
200809,org.eclipse.hyades.trace.views.adapter.internal.ExecutionStatisticViewer2,228,38
200809,org.eclipse.hyades.trace.views.adapter.internal.MemoryStatisticViewer,32,11
200809,org.eclipse.hyades.trace.views.adapter.internal.PatternViewer,12,8
200809,org.eclipse.hyades.trace.views.adapter.internal.ReferenceTableViewer,9,5
200809,org.eclipse.hyades.uml2sd.trace.view.TraceSDView,2,2
200809,org.eclipse.images.views.ImageView,12,2
200809,org.eclipse.jdt.astview.views.ASTView,22,2
200809,org.eclipse.jdt.callhierarchy.view,16661,2453
200809,org.eclipse.jdt.debug.ui.DisplayView,1021,321
200809,org.eclipse.jdt.junit.ResultView,58068,4867
200809,org.eclipse.jdt.ui.JavadocView,10771,5595
200809,org.eclipse.jdt.ui.MembersView,1855,394
200809,org.eclipse.jdt.ui.PackageExplorer,862361,39415
200809,org.eclipse.jdt.ui.PackagesView,2693,532
200809,org.eclipse.jdt.ui.ProjectsView,3322,939
200809,org.eclipse.jdt.ui.SourceView,8344,4847
200809,org.eclipse.jdt.ui.TypeHierarchy,18709,7359
200809,org.eclipse.jdt.ui.TypesView,4329,519
200809,org.eclipse.jpt.ui.jpaDetailsView,474,106
200809,org.eclipse.jpt.ui.jpaStructureView,314,99
200809,org.eclipse.jst.jsf.ui.component.ComponentTreeView,124,39
200809,org.eclipse.jst.jsf.ui.tagregistry.TagRegistryView,36,11
200809,org.eclipse.laszlo.rct.editor.attributeEditor,3,1
200809,org.eclipse.laszlo.rct.script.ui.explorer,5,1
200809,org.eclipse.m2m.internal.qvt.oml.common.views.MetamodelBrowserView,2,2
200809,org.eclipse.mahjong.ui.views.MahJongView,3,1
200809,org.eclipse.mat.ui.views.InspectorView,14,5
200809,org.eclipse.mat.ui.views.NavigatorView,1,1
200809,org.eclipse.mat.ui.views.SnapshotDetailsView,1,1
200809,org.eclipse.mylar.tasks.ui.views.TaskListView,1,1
200809,org.eclipse.mylyn.tasks.ui.views.repositories,2459,1243
200809,org.eclipse.mylyn.tasks.ui.views.tasks,19539,7002
200809,org.eclipse.nab.mwt.ab.view.MwtInstanceAttributeView,1,1
200809,org.eclipse.nab.mwt.ab.view.MwtInstanceEditorView,9,1
200809,org.eclipse.nab.mwt.ab.view.MwtInstanceProcedureView,2,2
200809,org.eclipse.nab.mwt.ab.view.MwtInstancePropertyView,2,2
200809,org.eclipse.nab.mwt.ab.view.MwtObjectBoxView,4,2
200809,org.eclipse.net4j.BuddiesView,14,11
200809,org.eclipse.net4j.CollaborationsView,2,1
200809,org.eclipse.net4j.util.Net4jIntrospectorView,1,1
200809,org.eclipse.p2.ui.admin.ArtifactRepositoriesView,5,1
200809,org.eclipse.p2.ui.admin.MetadataRepositoriesView,4,1
200809,org.eclipse.p2.ui.admin.ProfilesView,3,1
200809,org.eclipse.pde.runtime.LogView,3275,1226
200809,org.eclipse.pde.runtime.RegistryBrowser,33,19
200809,org.eclipse.pde.ui.DependenciesView,194,75
200809,org.eclipse.pde.ui.PluginsView,467,219
200809,org.eclipse.photran.ui.DeclarationView,42,19
200809,org.eclipse.photran.ui.FortranView,334,31
200809,org.eclipse.php.ui.explorer,5247,392
200809,org.eclipse.php.ui.functions,166,89
200809,org.eclipse.php.ui.projectOutline,300,101
200809,org.eclipse.plugin.worldwind.views.EarthView,7,1
200809,org.eclipse.plugin.worldwind.views.NavigatorView,6,1
200809,org.eclipse.plugin.worldwind.views.WebBrowserView,1,1
200809,org.eclipse.plugin.worldwind.views.WMSView,4,1
200809,org.eclipse.ptp.debug.ui.views.ArrayView,1,1
200809,org.eclipse.ptp.debug.ui.views.parallelDebugView,5,1
200809,org.eclipse.ptp.debug.ui.views.PVariableView,1,1
200809,org.eclipse.ptp.debug.ui.views.SignalsView,1,1
200809,org.eclipse.ptp.ui.views.parallelJobsView,3,1
200809,org.eclipse.ptp.ui.views.parallelMachinesView,7,2
200809,org.eclipse.ptp.ui.views.resourceManagerView,9,2
200809,org.eclipse.rse.discovery.view.MultipleView,14,1
200809,org.eclipse.rse.shells.ui.view.commandsView,309,55
200809,org.eclipse.rse.terminals.ui.view.TerminalView,701,73
200809,org.eclipse.rse.ui.view.monitorView,55,23
200809,org.eclipse.rse.ui.view.scratchpad.SystemScratchpadViewPart,85,31
200809,org.eclipse.rse.ui.view.SystemSearchView,223,64
200809,org.eclipse.rse.ui.view.systemTableView,212,93
200809,org.eclipse.rse.ui.view.systemView,3188,258
200809,org.eclipse.rse.ui.view.teamView,71,36
200809,org.eclipse.search.SearchResultView,12,8
200809,org.eclipse.search.ui.views.SearchView,119861,12535
200809,org.eclipse.stp.im.tool.in.bpmneditor.view.ImView,5,2
200809,org.eclipse.stp.sc.common.views.AnnotationView,3,2
200809,org.eclipse.sudoku.ui.views.SudokuView,1,1
200809,org.eclipse.swt.examples.browser.demos.views.BrowserDemoView,4,3
200809,org.eclipse.swt.examples.browserexample.view,4,3
200809,org.eclipse.swt.examples.controls.view,49,12
200809,org.eclipse.swt.examples.customcontrols.view,13,9
200809,org.eclipse.swt.examples.launcher.view,32,10
200809,org.eclipse.swt.examples.layouts.view,8,4
200809,org.eclipse.swt.examples.ole.win32.browserView,1,1
200809,org.eclipse.swt.examples.paint.view,10,5
200809,org.eclipse.swt.sleak.views.SleakView,2,1
200809,org.eclipse.swt.win32.extension.examples.view,1,1
200809,org.eclipse.target.ui.SiteExplorerView,29,6
200809,org.eclipse.team.bugs.bugView,1,1
200809,org.eclipse.team.ccvs.ui.AnnotateView,8,3
200809,org.eclipse.team.ccvs.ui.EditorsView,127,72
200809,org.eclipse.team.ccvs.ui.RepositoriesView,5658,1961
200809,org.eclipse.team.svn.ui.properties.PropertiesView,658,351
200809,org.eclipse.team.svn.ui.properties.RevPropertiesView,50,25
200809,org.eclipse.team.svn.ui.repository.browser.RepositoryBrowser,796,405
200809,org.eclipse.team.svn.ui.repository.RepositoriesView,4750,1463
200809,org.eclipse.team.sync.views.SynchronizeView,76389,7735
200809,org.eclipse.team.ui.GenericHistoryView,24153,5948
200809,org.eclipse.tigerstripe.workbench.views.artifactExplorerViewNew,28,1
200809,org.eclipse.tm.terminal.view.TerminalView,95,15
200809,org.eclipse.tptp.platform.analysis.core.ui.views.ResultsFrameView,1,1
200809,org.eclipse.tptp.platform.analysis.core.ui.views.ResultsView,9,1
200809,org.eclipse.tptp.platform.log.views.internal.views.LogViewer,9,3
200809,org.eclipse.tptp.trace.jvmti.internal.client.views.CallStackViewer,11,4
200809,org.eclipse.tptp.trace.jvmti.internal.client.views.MemoryAnalysisViewer,61,23
200809,org.eclipse.tptp.trace.jvmti.internal.client.views.ThreadAnalysisViewer,24,8
200809,org.eclipse.ui.articles.views.labelview,2,1
200809,org.eclipse.ui.browser.view,1284,115
200809,org.eclipse.ui.cheatsheets.views.CheatSheetView,1001,322
200809,org.eclipse.ui.console.ConsoleView,593153,41728
200809,org.eclipse.ui.examples.contributions.view,1,1
200809,org.eclipse.ui.examples.readmetool.views.SectionsView,1,1
200809,org.eclipse.ui.examples.views.properties.tabbed.article.views.SampleView,1,1
200809,org.eclipse.ui.forms.examples.views.FormView,8,1
200809,org.eclipse.ui.internal.introview,9870,4125
200809,org.eclipse.ui.navigator.ProjectExplorer,449192,26162
200809,org.eclipse.ui.texteditor.TemplatesView,147,58
200809,org.eclipse.ui.views.AllMarkersView,116,38
200809,org.eclipse.ui.views.BookmarkView,665,276
200809,org.eclipse.ui.views.ContentOutline,120449,22812
200809,org.eclipse.ui.views.EditorList,21,4
200809,org.eclipse.ui.views.ProblemView,112340,26546
200809,org.eclipse.ui.views.ProgressView,16954,6487
200809,org.eclipse.ui.views.PropertySheet,19111,5297
200809,org.eclipse.ui.views.ResourceNavigator,126797,7570
200809,org.eclipse.ui.views.TaskList,10744,5117
200809,org.eclipse.ve.internal.java.codegen.editorpart.BeansList,1895,289
200809,org.eclipse.ve.internal.java.codegen.editorpart.XMLViewPart,34,21
200809,org.eclipse.vtp.desktop.views.pallet,2,1
200809,org.eclipse.vtp.desktop.views.ProjectsView,1,1
200809,org.eclipse.wst.common.snippets.internal.ui.SnippetsView,3660,2164
200809,org.eclipse.wst.internet.monitor.view,448,142
200809,org.eclipse.wst.jsdt.callhierarchy.view,2,2
200809,org.eclipse.wst.jsdt.ui.JavadocView,62,38
200809,org.eclipse.wst.jsdt.ui.PackageExplorer,1587,242
200809,org.eclipse.wst.jsdt.ui.SourceView,59,38
200809,org.eclipse.wst.jsdt.ui.TypeHierarchy,81,60
200809,org.eclipse.wst.server.ui.ServersView,158800,12168
200809,org.eclipse.wst.xml.views.XPathView,60,18
200809,org.eclipse.wst.xml.xpath.ui.views.XPathNavigator,2,2
200810,org.eclipse.ajdt.ui.diff.ChangesView,11,8
200810,org.eclipse.ajdt.ui.EventTraceView,5,2
200810,org.eclipse.ant.ui.views.AntView,11891,1634
200810,org.eclipse.atf.mozilla.ide.ui.views.console,28,3
200810,org.eclipse.atf.mozilla.ide.ui.views.css,4,3
200810,org.eclipse.atf.mozilla.ide.ui.views.domsource,11,4
200810,org.eclipse.atf.mozilla.ide.ui.views.domwatcher,7,1
200810,org.eclipse.atf.mozilla.ide.ui.views.domwatcher2,2,2
200810,org.eclipse.atf.mozilla.ide.ui.views.inspector,7,2
200810,org.eclipse.atf.mozilla.ide.ui.views.jseval,14,3
200810,org.eclipse.atf.mozilla.ide.ui.views.netmon,11,1
200810,org.eclipse.atf.mozilla.ide.ui.views.xhrmon,7,3
200810,org.eclipse.birt.chart.examples.view.examplesview,2,1
200810,org.eclipse.birt.report.designer.ui.attributes.AttributeView,1304,118
200810,org.eclipse.birt.report.designer.ui.lib.explorer.view,153,58
200810,org.eclipse.birt.report.designer.ui.views.data.DataView,1592,142
200810,org.eclipse.birt.report.examples.view.examplesview,20,2
200810,org.eclipse.buckminster.ui.views.ComponentBrowserView,37,23
200810,org.eclipse.buckminster.ui.views.ComponentOutlineView,9,9
200810,org.eclipse.cdt.debug.ui.DisassemblyView,238,75
200810,org.eclipse.cdt.debug.ui.executablesView,127,84
200810,org.eclipse.cdt.debug.ui.SignalsView,4,4
200810,org.eclipse.cdt.make.ui.views.MakeView,3287,645
200810,org.eclipse.cdt.ui.callHierarchy,443,105
200810,org.eclipse.cdt.ui.CView,5561,458
200810,org.eclipse.cdt.ui.includeBrowser,114,57
200810,org.eclipse.cdt.ui.IndexView,30,13
200810,org.eclipse.cdt.ui.tests.DOMAST.DOMAST,6,4
200810,org.eclipse.cdt.ui.typeHierarchy,86,37
200810,org.eclipse.contribution.visualiser.views.Menu,13,9
200810,org.eclipse.contribution.visualiser.views.Visualiser,35,5
200810,org.eclipse.contribution.xref.ui.views.XReferenceView,72,24
200810,org.eclipse.datatools.connectivity.DataSourceExplorerNavigator,3475,1513
200810,org.eclipse.datatools.sqltools.plan.planView,141,72
200810,org.eclipse.datatools.sqltools.result.resultView,1352,295
200810,org.eclipse.debug.expressionview,8,4
200810,org.eclipse.debug.ui.BreakpointView,4745,1859
200810,org.eclipse.debug.ui.DebugView,49597,6982
200810,org.eclipse.debug.ui.ExpressionView,2896,861
200810,org.eclipse.debug.ui.MemoryView,203,74
200810,org.eclipse.debug.ui.ModuleView,69,49
200810,org.eclipse.debug.ui.PHPBrowserOutput,51,16
200810,org.eclipse.debug.ui.PHPDebugOutput,78,28
200810,org.eclipse.debug.ui.RegisterView,148,68
200810,org.eclipse.debug.ui.VariableView,17887,4260
200810,org.eclipse.dltk.callhierarchy.view,5,2
200810,org.eclipse.dltk.javascript.debug.ui.scriptconsole,1,1
200810,org.eclipse.dltk.ruby.ui.extbrowsing,4,2
200810,org.eclipse.dltk.ruby.ui.Members,1,1
200810,org.eclipse.dltk.ruby.ui.Projects,3,1
200810,org.eclipse.dltk.ruby.ui.RubyDocumentationView,8,5
200810,org.eclipse.dltk.ui.ScriptExplorer,306,33
200810,org.eclipse.dltk.ui.TypeHierarchy,8,5
200810,org.eclipse.ecf.example.collab.discoveryview,27,10
200810,org.eclipse.ecf.filetransfer.ui.FileTransfersView,2,2
200810,org.eclipse.ecf.internal.example.collab.ui.LineChatView,65,16
200810,org.eclipse.ecf.presence.ui.chatroom.ChatRoomManagerView,13,6
200810,org.eclipse.ecf.presence.ui.MessagesView,67,8
200810,org.eclipse.ecf.presence.ui.MultiRosterView,61,13
200810,org.eclipse.eclipsemonkey.views.ScriptsView,19,10
200810,org.eclipse.eclipsework.views.TemplatesView,2,1
200810,org.eclipse.emf.cdo.CDOSessionsView,8,7
200810,org.eclipse.emf.ecoretools.internal.views.EClassHierarchyView,22,8
200810,org.eclipse.emf.ecoretools.internal.views.EReferencesView,22,9
200810,org.eclipse.examples.codegen.views.SampleView,3,1
200810,org.eclipse.gef.ui.palette_view,663,153
200810,org.eclipse.gmf.bridge.ui.dashboard.DashboardPart,163,15
200810,org.eclipse.help.ui.HelpView,1712,910
200810,org.eclipse.hyades.execution.recorder.ui.views.RecorderControlView,9,1
200810,org.eclipse.hyades.log.ui.internal.navigator.LogNavigator,14,8
200810,org.eclipse.hyades.logging.adapter.ui.internal.views.contentview,1,1
200810,org.eclipse.hyades.logging.adapter.ui.internal.views.logview,5,1
200810,org.eclipse.hyades.logging.adapter.ui.internal.views.resultview,3,1
200810,org.eclipse.hyades.test.ui.TestNavigator,1,1
200810,org.eclipse.hyades.trace.internal.ui.PDProjectExplorer,281,34
200810,org.eclipse.hyades.trace.views.adapter.internal.CoverageStatisticViewer,1,1
200810,org.eclipse.hyades.trace.views.adapter.internal.ExecutionStatisticViewer2,121,21
200810,org.eclipse.hyades.trace.views.adapter.internal.MemoryStatisticViewer,21,3
200810,org.eclipse.hyades.trace.views.adapter.internal.PatternViewer,18,9
200810,org.eclipse.hyades.trace.views.adapter.internal.ReferenceTableViewer,7,4
200810,org.eclipse.hyades.uml2sd.trace.view.TraceSDView,12,5
200810,org.eclipse.images.views.ImageView,7,1
200810,org.eclipse.jdt.astview.views.ASTView,1,1
200810,org.eclipse.jdt.callhierarchy.view,6029,1233
200810,org.eclipse.jdt.debug.ui.DisplayView,417,139
200810,org.eclipse.jdt.junit.ResultView,24494,2607
200810,org.eclipse.jdt.ui.JavadocView,4461,2529
200810,org.eclipse.jdt.ui.MembersView,743,194
200810,org.eclipse.jdt.ui.PackageExplorer,356841,24591
200810,org.eclipse.jdt.ui.PackagesView,973,273
200810,org.eclipse.jdt.ui.ProjectsView,1424,453
200810,org.eclipse.jdt.ui.SourceView,3538,2170
200810,org.eclipse.jdt.ui.TypeHierarchy,7259,3349
200810,org.eclipse.jdt.ui.TypesView,1397,259
200810,org.eclipse.jpt.ui.jpaDetailsView,227,53
200810,org.eclipse.jpt.ui.jpaStructureView,135,46
200810,org.eclipse.jst.jsf.ui.component.ComponentTreeView,10,6
200810,org.eclipse.jst.jsf.ui.tagregistry.TagRegistryView,6,5
200810,org.eclipse.m2m.internal.qvt.oml.common.views.MetamodelBrowserView,2,2
200810,org.eclipse.mat.ui.views.InspectorView,5,3
200810,org.eclipse.mat.ui.views.TextEditorView,1,1
200810,org.eclipse.mylar.tasks.ui.views.TaskListView,1,1
200810,org.eclipse.mylyn.tasks.ui.views.repositories,919,524
200810,org.eclipse.mylyn.tasks.ui.views.tasks,7319,3150
200810,org.eclipse.net4j.BuddiesView,1,1
200810,org.eclipse.pde.runtime.LogView,1312,536
200810,org.eclipse.pde.runtime.RegistryBrowser,15,9
200810,org.eclipse.pde.ui.DependenciesView,99,37
200810,org.eclipse.pde.ui.PluginsView,166,82
200810,org.eclipse.photran.ui.DeclarationView,31,12
200810,org.eclipse.photran.ui.FortranView,221,22
200810,org.eclipse.php.ui.explorer,1607,201
200810,org.eclipse.php.ui.functions,66,41
200810,org.eclipse.php.ui.projectOutline,155,57
200810,org.eclipse.ptp.debug.ui.views.parallelDebugView,5,1
200810,org.eclipse.ptp.ui.views.parallelJobsView,1,1
200810,org.eclipse.ptp.ui.views.parallelMachinesView,6,1
200810,org.eclipse.ptp.ui.views.resourceManagerView,2,2
200810,org.eclipse.rse.shells.ui.view.commandsView,149,21
200810,org.eclipse.rse.terminals.ui.view.TerminalView,185,31
200810,org.eclipse.rse.ui.view.monitorView,16,8
200810,org.eclipse.rse.ui.view.scratchpad.SystemScratchpadViewPart,18,12
200810,org.eclipse.rse.ui.view.SystemSearchView,107,23
200810,org.eclipse.rse.ui.view.systemTableView,68,31
200810,org.eclipse.rse.ui.view.systemView,1051,131
200810,org.eclipse.rse.ui.view.teamView,25,17
200810,org.eclipse.search.SearchResultView,7,5
200810,org.eclipse.search.ui.views.SearchView,44581,6769
200810,org.eclipse.soc.ide4edu.ui.view.LitePackageExplorer,1,1
200810,org.eclipse.stp.sc.common.views.AnnotationView,6,3
200810,org.eclipse.swt.examples.browser.demos.views.BrowserDemoView,2,2
200810,org.eclipse.swt.examples.browserexample.view,2,2
200810,org.eclipse.swt.examples.controls.view,6,4
200810,org.eclipse.swt.examples.customcontrols.view,3,2
200810,org.eclipse.swt.examples.launcher.view,24,7
200810,org.eclipse.swt.examples.layouts.view,6,4
200810,org.eclipse.swt.examples.ole.win32.browserView,1,1
200810,org.eclipse.swt.examples.paint.view,2,2
200810,org.eclipse.swt.sleak.views.SleakView,5,1
200810,org.eclipse.target.ui.SiteExplorerView,2,1
200810,org.eclipse.team.ccvs.ui.EditorsView,37,24
200810,org.eclipse.team.ccvs.ui.RepositoriesView,2330,875
200810,org.eclipse.team.svn.ui.properties.PropertiesView,215,132
200810,org.eclipse.team.svn.ui.properties.RevPropertiesView,18,7
200810,org.eclipse.team.svn.ui.repository.browser.RepositoryBrowser,348,179
200810,org.eclipse.team.svn.ui.repository.RepositoriesView,1901,697
200810,org.eclipse.team.sync.views.SynchronizeView,28240,4555
200810,org.eclipse.team.ui.GenericHistoryView,8977,2898
200810,org.eclipse.tigerstripe.workbench.views.artifactExplorerViewNew,28,1
200810,org.eclipse.tm.terminal.view.TerminalView,90,8
200810,org.eclipse.tptp.platform.log.views.internal.views.LogViewer,1,1
200810,org.eclipse.tptp.trace.jvmti.internal.client.views.CallStackViewer,13,2
200810,org.eclipse.tptp.trace.jvmti.internal.client.views.MemoryAnalysisViewer,49,10
200810,org.eclipse.tptp.trace.jvmti.internal.client.views.ThreadAnalysisViewer,30,5
200810,org.eclipse.ui.browser.view,362,56
200810,org.eclipse.ui.cheatsheets.views.CheatSheetView,350,142
200810,org.eclipse.ui.console.ConsoleView,249273,25505
200810,org.eclipse.ui.internal.introview,4020,1836
200810,org.eclipse.ui.navigator.ProjectExplorer,178793,14231
200810,org.eclipse.ui.texteditor.TemplatesView,56,28
200810,org.eclipse.ui.views.AllMarkersView,25,11
200810,org.eclipse.ui.views.BookmarkView,335,107
200810,org.eclipse.ui.views.ContentOutline,46914,11881
200810,org.eclipse.ui.views.EditorList,5,2
200810,org.eclipse.ui.views.ProblemView,45416,12866
200810,org.eclipse.ui.views.ProgressView,6507,3004
200810,org.eclipse.ui.views.PropertySheet,8212,2447
200810,org.eclipse.ui.views.ResourceNavigator,47602,4166
200810,org.eclipse.ui.views.TaskList,4411,2301
200810,org.eclipse.ve.internal.java.codegen.editorpart.BeansList,722,157
200810,org.eclipse.ve.internal.java.codegen.editorpart.XMLViewPart,12,10
200810,org.eclipse.vtp.desktop.views.canvasbrowser,6,2
200810,org.eclipse.vtp.desktop.views.pallet,28,2
200810,org.eclipse.vtp.desktop.views.ProjectsView,13,2
200810,org.eclipse.wst.common.snippets.internal.ui.SnippetsView,1325,839
200810,org.eclipse.wst.internet.monitor.view,216,62
200810,org.eclipse.wst.jsdt.callhierarchy.view,6,2
200810,org.eclipse.wst.jsdt.ui.JavadocView,45,22
200810,org.eclipse.wst.jsdt.ui.PackageExplorer,613,117
200810,org.eclipse.wst.jsdt.ui.SourceView,40,24
200810,org.eclipse.wst.jsdt.ui.TypeHierarchy,33,22
200810,org.eclipse.wst.server.ui.ServersView,59776,6513
200810,org.eclipse.wst.xml.views.XPathView,9,3